,title,title_label,description,description_label
0, 인디인벤       올해는 다시 오프라인 중심의 행사로 ,0,서태건 조직위원장은 이에 대해  많은 개발자와 참가자분들이  코로나  사태 이전  가장 성공적인 행사였던  다만  아직  코로나 가 종식되지 않은 만큼  온라인 행사 역시 함께 진행될 예정이다      오프라인  ,1
1,인천 서구 서로 음 사용  조원 달성 경품 이벤트,0,이어  코로나 로 모두가 힘든 시기에 구민들이 이번 이벤트로 작은 위로가 되길 바란다 며  앞으로도  공동체화폐 로 거듭나고 있는 서로 음에 많은 관심과 사랑을 부탁드린다 고 강조했다 ,1
2,부산 영도구  매장 내  회용품 용기 사용 단속 월  일부터,1, 코로나  확산으로 한시적으로 유예되었던  회용품 사용규제가 다시 시행되면서 다음 달부터 식품접객업소  영도구 관계자는  생활패턴의 변화 및  코로나  등의 영향으로  회용품 사용량이 급증하고 생활폐기물도  ,1
3, 신문다운 모습 보이겠다  경남신문 남길우 회장 유임,0,남길우 회장은  코로나 를 이겨내고 경남 최고 신문다운 모습을 보이겠다는 약속을 드린다 며  경영 목표인  보고 싶은 신문  찾고 싶은 신문 으로 거듭나도록 최선의 노력을 다하겠다 고 말했다 ,1
4, 일부터 자가검사키트 개수 제한 없이 구매 가능,0, 코로나  자가검사키트   자료 뉴시스 오는  일부터  코로나  자가검사키트의  인당  개 구매 제한이 풀려 수량 제한 없이 살 수 있게 된다  자가검사키트 제조업체의 소포장 생산도 허용된다 식품의약품안전처는  ,1
5,한국관세사회 영문명칭  로 변경,1,이날 총회는 코로나  상황을 감안해 서면으로 개최되는 등 이번 총회를 포함해  년 연속 서면총회 개최라는 진기록을 세우게 됐다  총회에선 본회 이사회에서 상정한 회칙개정안에 대해  천 명의 참석  ,1
6,대선주조  중증장애인 부부 위한 합동결혼식 후원,1,관계자는  코로나 로 어려운 상황임에도 대선주조는 꾸준히 후원을 이어오며 지역 장애인들의 복지와 권익향상에 큰 도움을 주고 있다 고 말했다  조우현 대선주조 대표는  봄바람에 살랑이는 꽃처럼 신랑  ,1
7,인수위  금융위에 대출규제 완화 소상공인 손실 연계 금융지원 마련 주문,0,인수위는 금융위에  코로나  피해 소상공인 자영업자 손실보상금 등 지원정책과 연계해 다양한 금융지원방안을 마련해달라 라고 말했다   차산업 시대 혁신성장  벤처 민간투자 확대 등에 대한 주문도 이어졌다  ,1
8,    서울뉴스  포토뉴스,0,동대문구  장안벚꽃길서 봄꽃 추억 만들기  김진중 기자  동대문구가  코로나 로 인해 올해 봄꽃 축제를 취소하는 대신  일부터 다음달  일까지 중랑천 벚꽃길에 다양한 포토존과 야간 조명 시설을 설치해  ,1
9, 알쓸정책   코로나  대응 정책자금 보증 만기  월말까지 추가 연장,1,그러나  년 거치  년 분할 상환에 따라  코로나  최초 확산 시점인  년  월부터 정책금융기관에서   코로나  확산으로 피해를 입은 소상공인과 중소기업은 다음 달부터  월 말까지 원금상환이 도래하는 대출  ,1
10, 소상공인 금융지원 방안 마련 대출규제 완화도 논의,0, 기자  금융위원회 업무보고에선 우선  코로나  피해 소상공인 금융지원 방안이 논의됐습니다  인수위 측은 금융위에  코로나 로 피해를 입은 소상공인에 대한 손실보상금 등 지원 정책과 연계해 다양한 금융지원방안을  ,1
11, 정면승부  김남국  민주당 쇄신 위한 박홍근 선출  이재명 영향력과는 거리  ,0,그래서 아무래도 특히  코로나 로 최근 몇 년간 소상공인과 자영업자들 너무 힘드시고 우리 국민들께서 호소하시는 그런 여러 가지 민생 문제들이 있기 때문에 이런 문제들에 있어서는 야당이 여당과 협력하는 모습을 보일  ,1
12,괴물 수비수에 영혼까지 털렸다  한때  한국 킬러  이란 에이스의 초라한 뒷모 ,0,양 팀 모두  코로나  부상 등의 이유로 선수 선발 과정에서 어려움을 겪었다  그러나 아시아 최고 팀들의 대결인 만큼 양 팀 에이스들이 이를 악물고 나섰다  이란은 한국 킬러로 불리는 사르다르 아즈문 을 선발로  ,1
13,  홈구장  창원 파크  스포츠파크로 팬들과 함께 한다,1,심선엽   마케팅팀장은  포스트  코로나  시대를 맞아 창원 파크는  시민들이  일 찾는 스포츠 파크 라는 건립 당시 목표에 한발 더 다가가 야구팬뿐 아니라 모든 창원시민들이 가장 사랑하는 공간이 되도록  ,1
14,검찰  대장동  특혜 정황  법정서 공개  이재명 결재문건 포함,0,재판부는 이달  일 다음 공판을 진행하려 했지만  증인으로 출석할 예정이었던 이성문 화천대유 전 대표가 최근 신종  코로나 바이러스 감염증 코로나 에 확진돼 기일을 미루기로 했다  재판부는 다음 달  일 황무성 전  ,1
15, 개미  마리 있는 느낌 삼둥이맘  황신영  둘째 아들과  코로나  동반 확 ,1,둘째 아들과  코로나 에 동반 확진된 황신영이 현재 증상을 전했다   일 황신영은 자신의 인스타스토리에  앞서 황신영은 지난  일 자신의 인스타그램에  저랑 아준이 둘만  코로나  걸렸어요  다행히 삼둥이 아빠랑  ,1
16,청주상의   년 제 차 충북지역인적자원개발위원회 개최,0,충북지역인적자원개발위원회 이두영 공동위원장은  코로나 로 어려움을 겪고 있는 기업들이 위기를 잘 극복하고 양질의 일자리를 확보할 수 있도록 우리 지역 지원산업과 육성산업을 중심으로 선제적 지원에  ,1
17,광주시 보건환경연구원  생태 학습프로그램 운영,0,단   코로나  관련 방역지침에 따라 참여 인원수 및 일정은 협의해 조정될 수 있다  김정남 보건환경연구원 동물위생시험소장은  도심권에서 볼 수 있는 다양한 야생동물을 알아보고 사람과 동물이 건강하게 공존할 수  ,1
18,  슈글즈    진출 광주도시  기다려 ,0,이로써   슈글즈는 지난  일 정규리그 마지막 맞대결서  코로나 로 인한 주전들의 결장 속에 부산시설공단에  대 로 완패했던 것을  일 만에 시원하게 설욕했다   슈글즈는 오는  일 광주광역시  ,1
19,태양 초고해상도 사진 보니 일렁이는  코로나  신비 ,1,현재까지 공개된 태양 전체 디스크와  코로나  사진 중 가장 고해상도의 이미지다   는  전체 사진의 해상도는       픽셀로    보다  배 더 좋다 고 설명했다  태양 상층부  코로나 는 최대 섭씨  만도에  ,1
20, 힘내  쏟아지는  트럼프 보도  나를 위로하는 미국인들  최현정의 웰컴  ,1, 코로나  바이러스 창궐  빈부 격차  의회 무시 등 잡지는 트럼프 집권 기간을 아래와 같이 요약했다  미국인이라면 누구나 트럼프 대통령의  년을 이렇게 기억할 것이다  폭풍 트윗과 폭도들의 의회 난동  두 번의  ,1
21,  남자부 포스트시즌 일정 발표 봄배구  월  일 스타트,0,여자부는 신종  코로나 바이러스 감염증 코로나  확산과 선수단 부상 등 이유로 엔트리  명 기준 미달 팀이 다시 나왔다  이에 따라  가 정한  코로나  메뉴얼에 따라 리그 중단일수가 초과돼 결국 시즌 조기  ,1
22,김재무  현직 전남도체육회장  광양시장 출마 에 우려 목소리,0,여기에 순천시에서 열릴 전남도민체전이 당초  월에서  코로나  확산에 따라  월로 연기되는 등 체육회 업무가 과중되고 있는 마당에 수장으로서 직책을 유지한 채 선거운동에 집중하고 있는 모습에서도 부정적 여론이  ,1
23, 감성과 주도성을 겸비한 미래인재를 기른다 미래교육을 이끄는 충북교육도 ,1,특히  요즘  코로나   로 인해 점점 커져가는 학력격차를 좁히기 위해 학생 주도성을 신장을 위한 독서교육  올해는  코로나  때문에 한달 정도 개강이 늦어져 제가 지난해 이 프로그램에 참여 했던 학생들을 만나 이야기  ,1
24,의왕시   년 동 주민과의 대화  마무리,0,올해는 통기타  관현악  팬플룻 등 문화공연도 함께해  년째 이어지고 있는  코로나 로 지친 시민들의 마음을 달래고 일상에 작은 위로를 선사했다  특히 고천동에서는 지난  일부터 시범운영을 시작한  ,1
25,권익위  이해충돌방지법 조기정착 고위공직자 청렴성 향상 ,0,또한 인수위 접수 국민제안의 후속조치 방안   코로나  등으로 인한 민원  만건 시대에 대한 적극적인 대응방안  국민고충처리의 실질화 방안 등에 대해서도 의견을 나눴다  인수위원들은 권익위가 효율적이고 내실있는  ,1
26, 대학리그   박인웅  점    중앙대 승리로    리그 문을 열어,1, 코로나 라는 불가항력 변수가 있었지만 각자의 방법으로 슬기롭게 극복했다  중앙대에서는 문가온 박인웅 이주영 오수환 정성훈이 선발 출전했다  동국대는 스타팅 라인업으로 유진 이대균 김승협 박승재 이승훈이  ,1
27,   페이트  유수혁   코로나  확진    온라인 참가 전망,0,유수혁의 컨디션 난조는 감기가 아닌  코로나 의 증상이었다  미드 라이너  페이트  유수혁이  코로나 에 확진됐다   코로나  감염으로 인해 유수혁은  코로나  가이드 라인 변경에 따라 온라인으로  과 플레이오프  ,1
28,강원도  차 추경  조  억 원 억여 원 증액,0,주요 사업으론  코로나  생활지원비  억 원  강원도 신청사 건립기금  억 원 등이 포함됐습니다  또  수도권 이전기업 보조금과  평화의길 기반 구축 등에  억 원이 편성됐습니다  이번 추경안은 다음 달  ,1
29,인수위  국토부 업무보고에서  주택  만호 공급 조기 구체화 ,0,인수위 경제 분과는 금융위원회 업무보고에서  코로나    피해 소상공인 자영업자에 대한 손실보상금 등 지원 정책과 연계해 다양한 금융지원방안을 마련해달라 고 요청했습니다  정무사법행정분과의 인사혁신처  ,1
30,연세의료원  스마트병원 구축에 박차 의료진 업무효율 환자 만족도 높아질 ,0,또 의료서비스 제공 과정에서 방역 안전성도 증대돼  코로나  팬데믹 상황에서 미래형 병원 모델로 주목받고  임준석 연세의료원 디지털헬스실장은  온라인 시스템을 활용해  코로나  감염을 방지하며 의료진과 환자  ,1
31,맨디언트  해커조직  국  급부상  공격 대비해야 ,0, 코로나  백신 정보 취득 시도부터 암호화폐 갈취  핵 거래 비밀 탈취에 이르는 왕성한 활동을 벌이는 중이다  마이클 반하트 맨디언트 수석 애널리스트는  국이 북한의 새로운  올스타팀 이라며  그룹  ,1
32,탁 트인 풍경 그리울 땐  여기가 자유로 드라이브  핫플 ,1,그는  자유로로 드라이브를 나왔다가 폭포 소리와 함께 커피를 마시고  식물들 속에서 이야기를 나눌 수 있는 카페 라면서  코로나 로 갈 곳이 마땅치 않은 분들에게 열린 공간을 제공하고자 한다 고 설명했다  ,1
33,장성군  소상공인 지원대상 확정 신속 지급,1,점포임대료 지원 대상  개소 확정  소상공인들의 생활 안정을 위해 지급 시기 앞당겨  코로나 로 전쟁같은  군 관계자는  당초  월에 지급 예정이었으나  코로나  장기화로 어려움을 겪고 있는 소상공인들의 생활  ,1
34,검찰  대장동  특혜 정황  법정서 공개 올   주고 외부 열람 차단,1,재판부는 이달  일 다음 공판을 진행하려 했으나 증인으로 출석할 예정이었던 이성문 화천대유 전 대표가 최근  코로나 에 확진돼 기일을 미루기로 했다  이에 따라 다음 달  일 황무성 전 성남도개공 사장을 증인으로  ,1
35, 딸 확진됐는데 이사 가라고 연락와  이지혜  눈물 ,1,그룹 샵 출신 이지혜가 딸 태리의 신종  코로나 바이러스 감염증 코로나  격리 중 일상을 알렸다  지난  일 이지혜의 유튜브 채널  밉지않은 관종언니 에는  작은 태리 인생 최대 고비  오미크론 확진됐다 라는 제목의  ,1
36,스타트업 요람에서 투자유치까지  성과  빛났다,0,기업 간 네트워킹이 무엇보다 중요한 스타트업 업계에서  코로나  시국은 악재 중의 악재다  협회가 기획한   코로나 로 오프라인 전시회가 직격탄을 맞은 요즘  메타버스 공간에 전시부스를 만들어 스타트업을 홍보할 수  ,1
37,  현장  돌아온 캠퍼스 라이프  대학가 원룸촌도  활짝 ,1,신종  코로나 바이러스 감염증 코로나 으로 숨을 헐떡이던 대학가 인근 원룸촌이 다시금 활기를 되찾고 있다  지난해와 달리 올해  학기부터 대면수업을 재개하는 대학들이 늘면서 하숙이나 자취방을 구하는 학생들의  ,1
38,충북교육청   코로나  심리 회복 지원,1,충청북도교육청이  코로나 로 불안이나 외상 피해를 겪는 학생과 교직원의 심리 상담을 지원합니다  충북교육청은 마음건강증진센터를 중심으로 확진자와 자가격리자의 심리 상태를 확인하고  응급 처치와 심층 평가  ,1
39, 정면승부  김남국  민주당 쇄신 위한 박홍근 선출  이재명 영향력과는 거리  ,0,그래서 아무래도 특히  코로나 로 최근 몇 년간 소상공인과 자영업자들 너무 힘드시고 우리 국민들께서 호소하시는 그런 여러 가지 민생 문제들이 있기 때문에 이런 문제들에 있어서는 야당이 여당과 협력하는 모습을 보일  ,1
40,손소독제로 청결함을 유지하세요,0,이기철 회장은  코로나 가 기승을 부리는 가운데 어려운 이웃들과 마음을 나누고자 작은 나눔을 실천하게  진행해  코로나 로 힘들어하는 어르신들에게 즐거움을 줄 수 있는 기회를 만들어가자 라고 말했다  김옥님  ,1
41,  영화 관람료 인상 팬데믹 이후  번째,1,멀티플렉스 극장  가 다음 달  일부터 영화 관람료를 최대  천 원 인상한다고 밝혔습니다   의 이번 영화 관람료 인상은  코로나  팬데믹 이후 세 번째로  다른 멀티플렉스 극장의 요금 인상으로 이어질지 주목됩니다 ,1
42,김주하 앵커가 전하는  월  일 종합뉴스 주요뉴스,0, 코로나  사망자가  명대에 육박한 가운데  정부는 유행이 정점을 지나 완만하게 감소하고 있다고 분석했습니다    밤부터 전국 많은 비 남부  태풍급  강풍 밤부터 전국에 많은 비가 예상되는 가운데  제주와  ,1
43, 속보   일 오후  시 기준 전국  코로나  확진자  만  명  비수도권  ,0,오미크론 확산세로 인해 자가검사키트를 활용한  코로나  신속항원검사를 받을 수 있다   시사매거진   일에도 전국에서 코로나  확진자가 발생했다  서울시 등 각 지방자치단체에 따르면 이날  ,1
44,건설기술인 더 나은 내일을 향해 총리   터키의 극진한 대접은 대한민국  ,1,이어 김 총리는  코로나 라는 위기 속에서 우리나라가 세계  위권의 경제대국으로 성장한 공을 최고 수준의   건설산업은  코로나 로 세계 경제가 멈췄을 때도 멈추지 않았다 고 말했다  그러면서  건설기술인들의  ,1
45,안동  코로나  신규 확진자 이틀 연속 감소세 누적  만 명,0,경북 안동지역  코로나  신규 확진자가 이틀 연속  천 명대 아래로 떨어지며 소폭 감소했지만  지역사회 확산세는 여전히 이어지고 있다 안동에선  일 오후  시 기준 지역 내  코로나  신규 확진자가  명 추가  ,1
46, 전자   하이닉스  반도체 인제 육성 위해 서강대와  맞손 ,0, 코로나  확진자가 많은 것에 따라 오미크론 확산세를 고려해 비대면 화상으로 진행됐다  이번 협약을 통해 서강대는 공과대학 내에 정원  명 규모로  시스템반도체공학과  계약학과를 신설하고 올해 말 첫 신입생을  ,1
47, 월 일 퇴근길 정치경제 뉴스브리핑,0,  우크라이나 사태로 네온 공급차질  삼성전자 인텔   반도체 영향   문재인정부와 갈등 폭발하는 윤석열  통합과 화합의 취임식 가능할까   포스트  코로나 시대 세계 경제 대격변  뉴욕타임스 탈세계화 전망  ,1
48,    중부뉴스 천안 태조산공원에 산림레포츠시설 조성,0,위드  코로나 시대에 적합한 야외체험 위주의 안전한 숲 연계 콘텐츠를 마련하기 위해 유아숲체험원 또한 조성 예정입니다  시는 시범운영 이후 조례 제정을 통해 이용요금 등을 결정한 뒤  올 가을 정식 개장할  ,1
49,    중부뉴스 천안시  한국지방자치경영대상  복지보건대상  수상,0,천안시는 도내에선 처음으로  코로나  임시선별진료소와 찾아가는 이동선별검사소를 운영하는 등 선제적인 행정을 펼쳐 호평을 받았습니다  또 전국 최초로 토닥토닥 아이마음 상담차 를 운영하고   꿈자람 하우스  ,1
50,교사 확진에도 수업은 멈출 수 없다  경남교육청  교육전문직 파견해 교육  ,0,경남교육청이  코로나  확진 판정을 받은 교사가 많은 학교에 수업과 업무 지원을 한다  교육청은 지난  월  학사 운영 안정화를 위한 수업 대체인력 확보와 활용계획 을 시행했다  해당 계획에는 학교에서 교사 확진자  ,1
51,정부  코로나  유행  정점 지났다 감소세로 전환 ,1,신종  코로나 바이러스 감염증 코로나 의 국내 확산세가 이미 정점을 지났다는 판단이 나왔다  정부는 이미  코로나 의 국내 유행이 최고 정점을 지나 감소세로 전환된 것으로 분석했다  이기일 중앙재난안전대책본부  ,1
52,유승안 리틀야구연맹 회장   허구연 신임 총재는 한국 야구의 나아갈 길을 탄 ,1, 코로나  확산 여파로 리틀 야구계가 더욱 열악해졌다   와 리틀야구연맹이 함께 해야 할 부분이 많다 고 덧붙였다  유승안 회장은 풀뿌리 야구 발전을 위한 아이디어를 내놓았다  그는  어릴 적에 초등학생들이  ,1
53,가좌동   사랑   감자 심었습니다 ,1,이경철 통장협의회장은  오늘 심은 감자가  코로나  등으로 힘든 시기를 겪고 있는 소외 계층에게 따뜻한 힘이 되길 바란다 라고 전했다  최병조 가좌동장은  매년 불우이웃을 돕기 위해 애써주시는 통장님들에게  ,1
54,화천대유 특혜 정황 법정서 공개 모두   주고  공모지침서 열람 차단,1,재판부는 오는  일 다음 공판을 진행하려 했지만  증인으로 출석할 예정이었던 이성문 화천대유 전 대표가 최근  코로나 에 확진돼 기일을 미루기로 했습니다  이에 따라 재판부는 다음 달  일 황무성 전  ,1
55,창원시   최윤덕도서관  개관 창원 대표 문화복합공간  창원소식 ,1,허성무 창원시장은  주도항 해안산책로는 인근 광암 방파제 및 해수욕장과 연결돼 휴가철뿐만 아니라 사계절 사랑받는 공간으로 거듭날 것으로 기대하며  코로나 에 지친 시민들의 마음을 위로하는 장소가 될 수 있기를  ,1
56,춘천  코로나  확진자  명 추가 발생 일일 확진자 수  명,1,춘천에서  코로나  확진자  명 번 이  일 추가 발생했다  이들은 가족이나 지인 등의 접촉자  유증상자 등이다  또 이들 중 고위험시설  곳에서 확진자  명이 포함됐다  이에따라 춘천에서는 이날  ,1
57, 친주  팔로알토 네트웍스  러 사이버 테러 위협에 주목받는  보안주 ,1, 코로나  이후로 재택근무가 활성화되면서 인터넷연결을 실시간 보호해야하는 환경이 조성되며   가 대세로 거듭났다  인베스팅닷컴 역시 팔로알토에 대해  클라우드 도입 가속화로   성장 모멘텀 지속  ,1
58, 수요 경제이슈  김정식 교수   미 금리인상과 물가 상승 흐름 한은 역할 중 ,0,미국이 금리를 높이고 있고 중국에 지금  코로나 가 확산되고 있어서 중국으로부터 물건 공급도 쉽지가 않고요 또 우크라이나 사태로 전쟁으로 원유와 원자재 가격이 지금 크게 높아지고 있습니다  그래서 우리나라 물가도  ,1
59,오후  시까지  만 명 확진 전날 동시간대 대비  만 명 ,0,오늘 일 도 오미크론 변이 확산세에 전국 곳곳에서 코로나 확진자가 발생했다  방역당국과 서울시 등 각 지방자치단체에 따르면 이날 시부터 오후 시까지 전국에서 새로 코로나  ,1
60,장흥군  서울 서대문구와  청소년 온라인 멘토링  눈길,0,프로그램은  코로나  상황에 따라 비대면 온라인  회         와 대면 활동을 월 초  병행해서 실시 할   코로나 로 인해 침체 된 양 지역 간의 교류를 활성화해 우호 협력 관계 증진에도 긍정적인 효과를 가져올  ,1
61,확진자 오후  시까지  만  명  어제보다  만  명 ,0,국내 신종  코로나 바이러스 감염증 코로나  확진자가  일에도 전국 곳곳에 속출했다  방역당국과 서울시 등 각 지방자치단체에 따르면 이날  시부터 오후  시까지 전국에서  코로나  양성 판정을  ,1
62,유영상   사장  인공지능 기반 서비스 회사로 진화 ,0,또한 일  절감을 위한 해피해빗   코로나  케어콜 등 다양한 활동을 전개하고 있다  그 결과 전 세계 만 천 여개 기업 중 만 획득한 탄소정보 공개 프로젝트       에서 최고  ,1
63,소리바다   오디션 프로그램 개최,0,소리바다는 이번 쇼디치 엔터테인먼트와의 전략적 제휴 협약을 통해   뿐 아니라  까지 포섭할 수 있는 오리지널 오디션 콘텐츠를 제작하여  코로나  동안 위축되어 있던 국내 공연  오디션 프로그램에 활기를 북돋고  ,1
64,경기도   년  경기평화광장  문화 예술 프로그램 본격 운영 준비 돌입,0,박상일 행정관리담당관은  코로나  상황에 적극적으로 대비해 도민의 건전한 여가문화 활동 조성을 위하여 안전하게 사업을 추진할 예정  이며  계절마다의 특색을 고려해 일상에서 남녀노소 누구나 쉽게 즐길 수  ,1
65, 공식발표  조규성   코로나  확진으로 소집 해제 이동준 대체발탁,0, 코로나  확진자가 계속해서 발생하고 있다  대한축구협회 는  일  조규성 김천상무  선수는  코로나  확진으로 소집 해제됐다  이에 이동준 헤르타 베를린  선수가 대체발탁 됐다  이동준 선수는 아랍에미리트  ,1
66, 오피셜  벤투호  조규성  코로나  확진 이동준 대체 발탁 전 합류,0,공격수 조규성이  코로나  확진으로 벤투호에서 중도 하차한다  조규성을 대신해 이동준 헤르타 베를린 이 대체 발탁됐다  이동준은   현지로 바로 합류할 예정이다  한국은  일 서울월드컵경기장에서 열린  ,1
67, 혁신플랫폼      디지털 혁신 통해 미래형 기업으로 진화 디지털플랫폼 ,1,그러나  신종  코로나 바이러스 감염증 코로나  사태의 팬데믹  전염병 대유행 을 겪으면서 조용하던 호수에 작은 돌을 던져 물결이 퍼져나가는 것처럼  차 산업 혁명의 파고 는 점차  ,1
68,황신영  직접 전한 오미크론 증상 목 안에 개미  마리 있는 느낌 ,1,황신영이  코로나  확진 후기를 전했다  코미디언 황신영은  일 자신의 인스타그램 스토리를 통해 하나의  최근 둘째 아준이와 함께  코로나 에 동반 확진되어 격리 생활 중인 황신영은 본인이 경험한 오미크론의  ,1
69,대구 서구문화원  서대구역 개통 축하 국악 공연 개최,1, 코로나 로 지친 구민들에게 힐링과 위로의 무대가 될 수 있기를 바란다 고 말했다   노컷뉴스는 여러분의 제보로 함께 세상을 바꿉니다  각종 비리와 부당대우  사건사고와 미담 등 모든 얘깃거리를 알려주세요  ,1
70,아기 분유  퓨어락 로열플러스  품질 강화,0,퓨어락 공식수입원 퓨어랜드 관계자는  코로나  장기화로 인해 건강에 대한 사람들의 관심이 커지면서  내 아기에게도 좋은 성분만 담긴 분유를 먹이고 싶어 하는 부모의 마음을 담아 이번 품질 강화를 진행했다 며  ,1
71,장민호 팬카페도 선행 앞장 산불피해 복구에 구호성금 전달,0,수원 민트는 앞서 지난  년에도 경기적십자사를 통해  코로나  의료진을 위한 쿨조끼  장을 기부해 훈훈함을 자아낸 바 있다  장민호  스타랭킹    주 연속  위 장민호가 스타랭킹 트로트 남자 스타 분야에서  주  ,1
72,방역수칙 완화에 참을 만큼 참았던 해외여행객 폭증 함박 웃음짓는 여행업계,1,이번주부터  코로나  백신  차 접종자를 대상으로 해외여행을 다녀온 뒤에 실시하는 자가격리 조치가 해제됐다  제한이 풀림과 동시에 여행업계는 다시 호황을 맞이하고 있다  인천공항에 몰린 여행객들 사진  ,1
73,서울예술실용전문학교 패션디자인과정  서울패션위크 제이초이     스탭 참 ,1,스탭으로 참여한 재학생은  코로나 로 인해 오프라인 패션쇼가 위축되었고 디자이너와 모델들을 만나 쇼를  경험 이라며  코로나 로 외부 활동이 많이 제한되어 있지만 최대한 좋은 기회가 있을 때 곳곳에서  ,1
74, 바코 인사이드  원주   유소년 고석주  평생 농구와 함께 하고 싶어요 ,1, 코로나  사태가 장기화되면서 국내  대 스포츠가 중단되는 초유의 사태가 발생했다  당연히 각종 대회의 개최는 불발됐다  고석주도 이를 매우 아쉬워했다  그 누구보다 열심히 훈련했지만 예상치 못한 변수로 기회가  ,1
75,김구라 없이 열린  빽투더그라운드  제작발표회 이찬원 입담으로 꽉 채웠다,1,  새 예능 프로그램  빽 투 더 그라운드  제작발표회가   김구라의  코로나  확진으로 공석이 생겼지만   코로나 에 돌파 감염된 사실이 뒤늦게 알려졌다  입담꾼인 김구라의 공석을 공동   이찬원이 메워야 하는  ,1
76,고공행진 방산  밸류에이션  암초  주의해야,0,작년과 올해 세계 각국이  코로나  경기재개를 위한 인프라 투자에 나서면서 상대적으로 국방비 지출이 감소할 것이라는 전망이 나오고 있었다  그러다 지난  월말 러시아의 우크라이나 침공으로 실적 대비 저평가  ,1
77,서울예술실용전문학교 패션디자인과정  서울패션위크  비먼 스튜디오   ,0,특히  코로나  이슈로 인해 줄어든 오프라인 패션쇼 현장인 만큼 재학생들은 더욱 집중력을 갖고 현장에서 일을 했다는 후문이다  서울예술실용전문학교는 학생들의 실무 경험을 최우선으로 교육 과정을 운영하는 것이  ,1
78,은산해운항공  적십자  씀씀이가 바른기업  릴레이 캠페인 동참,1,양재생 은산해운항공 회장은  코로나  장기화로 어려운 취약계층에게 적십자와 함께 희망을 전할 수 있어 기쁘게 생각한다 며  앞으로도 지역을 위한 사회공헌활동으로 기업의 사회적 책무를 꾸준히 실천하는  ,1
79,인천시  로컬푸드 딸기랑 산책할까요 전시 개최,0,조영덕 시 농업기술센터 소장은  지난 몇 년  코로나 로 어려웠던 농업인들과 시민을 위해 딸기를 주제로 전시를 마련했다 며  전시를 즐겁게 감상하시고 우리 농산물과 인천의 로컬푸드 딸기를 많이 사랑해 주시기  ,1
80, 취재후일담 김승연 한화 회장의 각별한 막내아들 사랑,1,게다가  코로나 로 유통업황이 좋지 않은데다  형들이 맡은 사업군에 비해 규모도 굉장히 작습니다  막내아들이 눈에 밟힐 수밖에 없는 상황인 셈입니다  최근 김 상무가 한화솔루션 갤러리아 부문 신사업전략실장으로  ,1
81,인천 중구   제 회 한국지방자치경영대상  일자리창출대상  수상,1,홍인성 구청장은  코로나 로 인한 사회적 거리두기가 지속되면서 소상공인 뿐만 아니라 경제 전반이 위축되는 상황에서 인천 중구가 일자리창출 분야에서 좋은 평가를 받은 것은 매우 고무적이라 할 수 있다 며  앞으로  ,1
82, 게임브리핑  강을준 감독  이승현 컨디션은   조금 못 미치는 수준 ,0,우리가  코로나 로 인한 타격이 가장 큰 팀 중 하나였는데 에이스의 부재를 식스맨들이 잘 버텨준 것이 지금의 시너지를 만든 것 같다  이승현을 비롯하여 경기력을 끌어올리는 것이 더 중요하다    이승현의 컨디션은  ,1
83,민주당  인재난 에 임종석 서울시장 후보 차출론 급부상,0,이날 손태식 공동위원장은  년째 계속되는  코로나  팬데믹으로 민생경제는 너무 큰 어려움을 겪고 있으며  최근 계속되는 북한의 미사일 발사로 인해 평화로 가는 걸음도 위협을 받고 있다 라며  지금 서울시민에게는 이  ,1
84,  혁신 성과 점검 내부통제 경영관리 강화 ,1, 코로나 로 인한 생계곤란가구  가정폭력피해자 등 주거취약계층에게는 지방자치단체   등과 협업해  천호  완료했으며   코로나  시대에 맞춰 고객이 알고 싶어하는 정보의 제공을 확대하기 위해 공공택지 종합정보  ,1
85, 울주  명소 맛집을 찾아라    여기가 새울림 ,1,한국수력원자력 새울원자력본부는  코로나  장기화로 어려움을 겪고 있는 지역경제 활성화를 위해  이상민 새울원자력본부장은  코로나  장기화로 힘든 시기를 겪고 있는 지역경제 활성화를 위해 시행하는 이번  ,1
86,울진교육지원청  산불피해학생 지원 장학금 기탁식 가져,0,울진교육지원청 권오진 교육장은  코로나 가 계속되고 있는 어려운 상황임에도 연합회에서 산불피해 학생들에게 의미 있는 장학금을 지원해 주어 몹시 고맙다 라면서  피해 학생들에게 조속히 지급하여 정상적인  ,1
87, 경기 전     강한 의지를 가지고 경기를 임할 생각이다    오리온   ,0,한편  오리온은 국가대표 휴식기 이후로  코로나 와 부상으로 제전력을 꾸리지 못했지만  최근 두 경기를 모두 잡으며 리그  위 자리를 지키고 있다  하지만 다른 팀들의 추격도 만만치 않다  현재  위에 있는 대구  ,1
88,인천 동구 만석동 지역사회보장협의체   우리 아이 쑥쑥 보따리 나눔 사업  실 ,1,우리 아이  쑥쑥 보따리 나눔 사업은 올해 처음 시행되는 만석동 지역사회보장협의체의 특화사업으로 관내 아동들에게 간편하게 조리해서 먹을 수 있는 밀키트를 제공해  코로나  장기화에 따른 한부모 및 저소득층  ,1
89,장항습지 찾은 귀한 손님 두루미,1,기나긴  코로나 의 터널이 끝인가 했더니 또다시 저만큼 멀어진다  이럴 때일수록 희망의 끈을 놓지 말아야 한다  생태학자들은 오미크론이 봄맞이 선물이 될 것이라 조심스럽게 예견했었다  생태계 섭리상 숙주와 협력하지  ,1
90,롤링쿼츠  해외차트 성적에 오열   걸밴드 저력 알릴 것 인터뷰 ,0,멤버들은  코로나  대유행 상황 속 온라인을 통해 활발한 소통과 공연 활동을 펼친 게 글로벌 팬덤을 쌓은  자영은  코로나  여파로 인해 많은 분이 우울하고 암울한 시기를 보내고 있지 않나 라며  저희의 음악을  ,1
91,걸렸으니 안전  오미크론 재감염될까,1,오미크론 재감염될까 사진 연합  코로나  재감염 사례에 대해 궁금증이 커지고 있다  현재 대한민국은 누적 확진자가  만명을 넘어서면서 국민의 약  가  코로나  감염력을 갖게 됐다  스텔스 오미크론 점유율은  ,1
92,한국콜마  정기 주주총회 개최 최현규 대표  주주가치 제고 적극적 해외  ,1,최현규 한국콜마 대표는  격변하는 시장 상황과  코로나  장기화로 어려운 경영상황 이었지만 비대면 유통채널 제품개발 강화 등을 통해 매출 성장을 이뤄냈다 며  올해는 해외시장을 확대하고  신성장 동력 발굴을  ,1
93,인천 미추홀구사회적경제지원센터  사회적경제 활성화 추진 업무협약 체결,1,구 관계자는  코로나 로 인한 비대면 일상화 시대 등 미디어로 소통할 수 있는 환경을 구축하기 위한 노력이 중요한 때 라며  맞춤형 미디어 교육 프로그램 제공 및 기관 간 소통과 협력을 통해 사회적경제 지속성장에  ,1
94, 경기 전   가 간절한 삼성생명  마무리가 간절한 하나원큐,0,주축 자원들의  코로나    확진까지 겹쳤다  부산   썸과 공동  위  하나원큐를 이기고   의 최종 경기를 기다려야 한다  임근배 삼성생명 감독은 경기 전  시즌 내내 선수들에게 바랐던 것은 연습을 통한  ,1
95,오후  시 기준 전국  만 명 확진 일 연속 감소세,0, 일 오후  시까지 전국에서  만 명이  코로나  확진 판정을 받았다  사흘 연속 감소세다  방역 당국과 서울시 등 각 지방자치단체 에 따르면 이날  시부터 오후  시까지  시간 동안 전국  ,1
96,한국콜마  정기 주주총회 개최 주주가치 제고 약속 ,1,신규 선임된 한국콜마 최현규 대표는  격변하는 시장 상황과  코로나  장기화로 어려운 경영상황 이었지만 비대면 유통채널 제품개발 강화 등을 통해 매출 성장을 이뤄냈다 며  올해는 해외시장을 확대하고 신성장  ,1
97, 비바  챌리스트 문태국과 피아니스트 신창용  하고 싶은대로  무거운 책 ,0, 코로나 에 걸리면 연주 자체를 할 수가 없으니까요  그런 제 모습을 보면서 잘 참고 외로움도 즐길 줄 아는구나 싶어요 문태국도 그랬다  공연을 준비를 하면서 문태국은  워낙 연주하는 걸 좋아하는 건 알았지만 내가  ,1
98,괴산군  괴산대학찰옥수수 홈쇼핑 판매 지원해 농가 도와,0,최근 괴산의 대표 농산물인 대학찰옥수수가 전년도 생산량 증가에 비해  코로나  장기화로 인한 경기침체로 판매량이 감소하는 어려움을 겪는 상황이었다  이에 괴산군은 대학찰옥수수 농가의 어려움을 덜어주기 위해  ,1
99,김거성 경기교육감 예비후보  모든 학교에 사회복지사 배치 ,1,특히  코로나    장기화 상황에서 위기 아동 아동 청소년을 발굴 지원하고  학생 성장 및 맞춤형 복지 서비스를 제공하고 있다  하지만 전국 학교 가운데 사회복지사가 배치된 곳은  에 불과해 대다수 교육복지사는  ,1
100,박미경 도의원  경북도의회 교육위원장 선출,0,박 교육위원장은  코로나    오미크론 변이바이러스 발생으로 유례없는 재난속에서도 학생들의 안전과 배움을 지켜나갈 수 있도록 행정력을 집중해야 한다 며  위원장으로 길지 않은 임기지만 제대로 된 교육행정을  ,1
101,전국  개 여성 시민단체  여가부 폐지   성차별 현실 직시하라 ,1,이들 단체는  이번 대선은  코로나 로 가시화된 불평등의 심화  미투운동으로 여성들이 드러낸 성차별 성폭력의 현실 등 시급하고 무거운 과제들 속에서 치러졌다  그러나 아이러니하게도 이번 선거는 그 어느 때 보다  ,1
102, 유키스  수현  소아 환자들 위해  만원 기부 조금이나마 위로 되길 ,1,수현은  예전부터 아이들을 좋아했는데 한창 신나게 뛰어놀 아이들이 질병으로 고통받고  경제적인 이유로 인해 어려움을 겪고 계시는 환아들의 가족들을 보면 마음이 아팠다 라며  코로나 로 인해 모두가 어려운  ,1
103,옥천군  청년 주거생활지원 안정적 정착 돕는다,0,박노경 기획감사실장은  코로나  장기화로 경제적 어려움을 겪고 있는 청년들의 삶에 조금이나마 도움을 줄 수 있어 큰 의미가 있다 며  앞으로 옥천 청년들의 주거생활 지원을 통한 경제적 부담을 해소하기 위한  ,1
104,  박정훈 사장 재선임 경영실적 앞세워  최장수  기록  ,1, 년  코로나  팬데믹이라는 경영 환경의 위기 속에서도 최상의 콘텐츠 경쟁력으로 사상 최대의 영업이익을 구현했다 고 사내이사로 추천했다   의 지난해 매출액은 전년대비   증가했고  영업이익도   상승했다  ,1
105,제 회 현대불교문학상  김신용 문숙 시인 공동 수상,1,수상자들에게는 상금으로 각 천만 원이 수여되는데  시 부문은 공동수상이어서  백만 원씩 수여됩니다  시상식은  코로나 예방과 사회적 거리두기 실천 차원에서 추후 공지될 예정입니다 ,1
106,구례 화엄사  홍매화 들매화 사진 콘테스트 개막,0,덕문 스님은 인사말을 통해  지구생명체의 공존과 공생을 위협하는  코로나 라는 신종점염병도 이제  이어  지난해 전국에  홍매화 붐 을 일으킨 홍매화  들매화 사진 콘테스트는  코로나 와 경제 불황으로 어려움을 겪는  ,1
107,여성단체    여가부 폐지  공약 철회해야  성평등 정책 강화 ,0,그러면서  이번 제 대 대통령 선거는 신종  코로나 바이러스 감염증 코로나 로 가시화된 불평등의 심화  미투운동으로 여성들이 드러낸 성차별 성폭력의 현실 등 시급하고 무거운 과제들 속에서 치러졌다 고 덧붙였다  ,1
108,태고종 광주전남교구  지역 인재 육성 장학금 기탁,0,서대석 광주 서구청장과 서구 장학재단 윤풍식 이사장도  코로나 로 어려운 가운데도 태고종 스님이 장학금을 기탁해주셔서 너무 감사하다 며  전달한 기금이 서구 장학재단을 통해 지역 미래 인재양성을 위해 잘  ,1
109,김병우 충북교육감   충북도환경교육센터에 많은 관심을 ,1,김 교육감은  년째 이어지는  코로나  상황과 최근 폭증하는 오미크론 확산 때문에 각 지역 교육청에서는 새 학년 정상적인 학사 운영을 위해 노고가 많으신 줄 알고 있다며 그동안 지역 교육청에서 중심을 잡고 세밀하게  ,1
110,원희룡   코로나  확진 기획위 운영 등  비상 ,0, 일   코로나  확진 판정을 받은 것으로 알려졌습니다  잇따른 인수위원 등 확진으로 인해 인수위 운영에도 적잖은 차질이 예상되고 있습니다  원 위원장은  일 페이스북을 통해  코로나  확진 나왔습니다  목소리도 잘  ,1
111, 픽업   생생정보  신의 한수 맛의 결정타  곱창전골 맛집 어디 ,1,이날  다다익 에서는  코로나 로 달라진 음주 단속 현장을 전한다   신의 한 수  맛의 결정타 에서는 봄 향기 가득한 곱창전골의 비밀 금오식당 경기 의정부시 호국로 번길  이 공개된다   선장님 어디 가세요  ,1
112,인수위 교육부 업무보고   부처통폐합 논의는 없었다 ,0,인수위는 이 밖에 대표적인 교육 현안인  학교  코로나  대응 지원  교육격차 해소  고교학점제 등에 대해서는 충분한 교육현장의 의견수렴을 통해 인수위원과 교육부가 함께 그 대책을 논의하기로 했다고 전했다  ,1
113,박형준 시장   부산에서 시작될 혁신 파동 함께 하자 ,1,박형준 부산시장은  국민운동단체 회원들과 시정 현안을 공유하고 현장의 목소리를 직접 들을 수 있어 뜻깊은 시간이었다 며   그동안 국민운동단체에서  코로나  방역 캠페인   부산세계박람회 유치 캠페인 등  ,1
114,화천  코로나  확진자  명 번  추가 발생,1,강원도 화천에서  일 오후 시 현재  코로나  확진자  명 번 이 발생했다 ,1
115,오후  시까지 전국  만 명 확진 사흘 연속 감소,0,   서울 뉴시스 김경록 기자   금요일인  일 오후  시까지 전국에서 최소  만 명이  코로나  확진 판정을 받았다  방역 당국과 서울시 등 각 지방자치단체에 따르면 이날  시부터 오후  시까지  ,1
116,액션 기대작  마녀   월 개봉할까 검토중 ,1, 월 개봉과 관련해  마녀 감독 박훈정 의 투자배급사  는  일  다양한 가능성을 열어두고 검토하고 있다 고 하면서도  다만  코로나  상황에 따라서 개봉일이 유동적일 수 있다 고 전했다   마녀 는  ,1
117,친구도 사귀고 텃밭도 즐기는 강동구 이색텃밭 공유팜 ,0,이정훈 강동구청장은  코로나 가 장기화되면서 정원형텃밭의 인기가 날로 치솟고 있다 며  가족들과 야외에서 자연을 만끽하며 희망찬 봄을 맞이하길 바란다 라고 전했다  한편   공유팜 은 강일텃밭 강일동   내에 기존  ,1
118,동원   미래 혁신 위한 게임 체인저 될 것 ,1,이어  코로나  이후 브랜드의 신뢰도가 높고  밸류 가치 가 높은 제품을 구매하는 경향이 심화됐다 며  고객이 원하는 새로운 브랜드 가치를 창출하겠다 고 덧붙였다  같은날 동원산업도 제 기 정기 주주총회를을  ,1
119,올   주고 외부 열람 차단 대장동  특혜 정황  법정서 공개,1,재판부는 이달  일 다음 공판을 진행하려 했으나 증인으로 출석할 예정이었던 이성문 화천대유 전 대표가 최근 신종  코로나 바이러스 감염증 코로나 에 확진돼 기일을 미루기로 했다  이에 따라 재판부는 다음 달  일  ,1
120, 결사곡  전수경  눈부신 웨딩드레스 자태 문성호와 웨딩마치   기대감 ,1,또한  코로나 의 확산세가 최근 두드러지는 가운데 방역 당국의 지침을 철저히 준수하고 촬영하고 있으나  출연진 및 스태프들의 안전을 고려해 선제적 대응 차원에서  일 일  밤  시 방영 예정이었던  회는 결방된다  ,1
121,초등학생 스마트폰으로 인기  키즈폰 요금지원 혜택 기간연장,0,몇 년 전부터 시작된  코로나  바이러스 여파와 온라인 수업 등으로 키즈폰 판매량이 크게 높아지면서 더욱 만족스러운 모델들이 추가로 출시하면서 매년 판매퍙이 늘어나는 추세다  키즈폰 모델은 보호자의  ,1
122, 생생정보 신의한수  의정부 냉이곱창전골 맛집 위치는  부대찌개 막국수 치즈 ,1, 생생정보통 맛집오늘     생생정보   회에서  생생정보통   코로나 로 달라진 음주 단속 현장   다다익  봄꽃 눈꽃 피는 광양 백운산   선장님 어디 가세요  군농항 해결사 서금열 선장   오늘부터 두 집 살이  ,1
123,증권플러스  개미 백일장  돈 골드바 걸어,0,두나무 관계자는  코로나  이후 동학개미운동을 계기로 주식에 대한 전 국민적인 관심이 증가한 만큼  한편 이번 백일장에는 야놀자  밀리의 서재  카카오페이지 마케팅팀이  존버    코로나  시대의 주식 투자와  ,1
124,   김춘진호   주년  농식품수출 강국 도약 다짐,1,또한   코로나  상황에서 케이팝 과 케이드라마  등 한류열풍과 연계해 세계적으로 케이푸드  김 사장은  코로나  상황에서도 당면 현안에 집중하고 협력과 소통을 강화해온 결과  현장에서 답을 찾고  ,1
125, 매출  조 돌파      실적  퀀텀점프  비결은,1,지난해  코로나  확신시 발생한 온라인 수업 시스템 장애와 정부 백신예약 시스템 먹통 사태 등 대형     는  코로나  팬데믹으로 이커머스 사용이 폭발적으로 늘어나는 동안 물류 컨설팅에서 센터 구축 및  ,1
126,닻올린 민주 박홍근호 견제 협력  딜레마에  개혁 과제도 종합 ,0,다만 박 원내대표는  코로나 로 피해를 본 소상공인 자영업자 지원을 위한 추가경정예산 추경  편성 등 민생 과제를 두고는 전략적 유연성을 발휘할 것으로 보인다  그는 문재인 정부 첫해인  년 원내수석부대표를 맡아  ,1
127,하남시  올해 첫 추경 예산  억 원 규모 긴급 지원,0,경기도 하남시가 긴급 편성해 시의회에 제출한  억원 규모의  코로나  관련 올해 첫 추경예산안이 확정됐습니다  하남시는 지난  일 시의회에 제출한 올해 첫  코로나  손실보상 추경예산안이 최종 확정됐다고 오늘  ,1
128,대동모빌리티 대표이사로 원유현 대동 사장 선임,0,원유현 대표는  올해로 창립  년을 맞은 대동은 그간 구축한 사업 역량으로 디지털화  농기계의 스마트화를 추진해  코로나  팬데믹을 극복하고 퀀텀 점프를 이룰 수 있었다 며  기술  생산  서비스  영업  경영지원 등  ,1
129, 일자리 숫자  근로시간 총량에 집착 그만 새정부  노동시장 개혁해야 ,0,세 번째 발제자로 나선 권순원 숙명여대 경영학부 교수는  포스트  코로나 시대 노동시장의 도전과 과제 를  이날 행사는  코로나  상황에 따라 현장 참여와 동시에 온라인 생중계도 함께 진행되는 방식을 취했다 ,1
130,광주광역시  제 기 빛고을청년봉사단 발대식 개최,0,이날 발대식은  코로나  상황을 감안해 현장과 비대면 화상회의를 병행해 진행됐으며  봉사단 선서  리얼빛청 토크쇼 등 순으로 진행됐다  빛고을청년봉사단은 선서를 통해 지역사회 발전과 행복한 광주 공동체 조성  ,1
131, 유행 감소세 전환 스텔스 오미크론 확산 경계 ,0, 기자  지난주 일일 평균  코로나  환자는  만여 명이었는데 이번 주는  만여 명으로 감소하는 추세를  사각지대에서  코로나 와 직간접적으로 관련이 있는 죽음이라고 주장합니다   신상엽   감염내과 전문의   이런  ,1
132,구미시   년 제 차 노사민정실무협의회 개최,1,또한  장기화된  코로나  상황속에서 노사민정의 협력과 지역경제 활성화를 위한 결의를 다지고자   노사민정 상호협력 공동선언문  을 검토했다  위원장인 배용수 부시장은 지난 한해 노사민정 협력사업과 상생협약  ,1
133, 업계만화경  식음료와 로봇이 만나면    창업박람회 직접 가보니,1, 코로나  장기화는 비대면으로 패러다임이 전환되는 촉매제 역할을 했다  특히 요즘에는 키오스크나  위드 코로나 에 대한 기대감 때문인지 이틀째 방문했는데도 많은 인파가 몰렸다  특히 낮  시쯤 기자가 박람회장을  ,1
134,사진으로 보는 뉴스  함께해요  따뜻한 우리지역 ,1,장학금은 회원들의 자발적 성금으로 마련됐으며  코로나 로 어려워진 위기가구 학생들에게 전달될 예정입니다  정인화 회장은 앞으로도 장학금 전달과 봉사활동을 통해 이웃사랑을 실천하겠다고 전했습니다  세종시  ,1
135,중소벤처기업진흥공단 상반기 신규 채용 공고,0,중진공 김학도 이사장은  코로나 가 지속되는 상황에서도 매년  여명 이상의 채용을 통해 취업난 해소에 힘쓰고 있다 며  중진공과 함께 중소벤처기업을 경제구조 전환의 주역으로 육성해나갈 역량과 열정을 갖춘  ,1
136,영주국제로타리  지구  시각장애인 이동권 보장  한마음 한뜻 ,0,윤준현 영주로타리클럽 회장은  이번에 기탁한 차량이  코로나 로 이동에 어려움이 가중되고 있는 시각 장애인들의 이동권 보장에 많은 도움이 되길 바라며  앞으로도 지역의 어려운 이웃을 위한 봉사와 지원을 아끼지  ,1
137,영월  코로나  확진자  명 번  발생,1,영월에서  코로나  확진자  명 번 이 발생했다   일 영월 보건 당국에 따르면  대 여성   명이  코로나  양성 판정을 받았다  또  번 대 여성 영월읍   번 대 남성 영월읍    ,1
138,정점 지나 감소세 전환 라게브리오 도입 당긴다,1, 코로나  소식 알아봅니다  방역당국이 오미크론 대유행이 정점을 지나 감소세에 들어섰다고 밝혔습니다  다만 위중증 환자는 이달 말부터 정점에 달할 것으로 보고  먹는 치료제를 앞당겨 들여오기로 했습니다  ,1
139,장흥군 대한씨름협회   년 대통령기 씨름대회  유치 체결,0,장흥군 관계자는  최근 개최된 정남진장흥장사씨름대회에 관심과 성원을 아끼지 않으신 모든 분들에게 감사드린다 며  대통령기 씨름대회는 장흥군에서 처음으로 개최되는 대회인 만큼 철저히 준비해  코로나 로  ,1
140, 기후위기 대응을 국정과제  순위로  가방 메고  기후파업  벌인 청소년들,0,익명의 한 고등학생은 즉석에서 자유발언에 나서 우리가 조금만 더 자연을 보호하고 생태계를 파괴하지 않았으면 저는  코로나 라는 바이러스 사태는 일어나지 않았을 거라고 생각한다  하지만 결국  자연을 보호하기  ,1
141,김병수 부위원장  김포시장 출마  김포한강선  교통정책 집중 ,0,그는 특히 윤석열 후보 정책본부  코로나 회복특위에서 정책수석부본부장을 맡아 윤 후보가  백신패스 폐지 를  대 대선공약으로 채택하는 데 역할을 했다  앞서 김 예비후보는 지난  일 국민의힘 김포시장 후보자  ,1
142,하이트진로 김인규  경영방식 모두 바꾼다 펀더멘털 강화 ,1,김인규 사장은 이날 주총에서 이  불투명한 시장상황과 경쟁기업의 수많은 도전으로 올해에도 회사의 경영환경은 많은 어려움이 예상된다 며  코로나  시대를 맞아 과거의 경영방식을 모두 새롭게 바꾸겠다 고 했다  ,1
143,기후파업 나선 청소년들  기후위기 대응을  정부 국정과제  순위로 ,0,자연을 보존하고 생태계를 파괴하지 않았다면  코로나 는 안 일어날 수도 있었다고 생각한다  무책임한 정부와 무책임한 어른들에게 너무 화가 나 이 자리에 나왔다  기후위기 대응은 우리의 생존과 미래가 걸린 문제다  ,1
144,괴산군 소수면  지역사회보장협의체 정기회의 진행,0,박설규 공공위원장은  항상 어려운 이웃들에게 관심을 갖고  이웃사랑을 몸소 실천하시는 소수면 지역사회보장협의체 위원님들께 감사드리며   코로나  시대에도  ,1
145,충북교육청 마음건강증진센터  오미크론 확산세 심리지원 강화,1,마음건강증진센터는  코로나  감염병 확진자와 자가격리자  발생학교 구성원   코로나  확진자와 자가격리자는 지원팀 임상 심리 전문가의 심층 평가 심리검사 와  ,1
146,충주시   화물차 신차 구입 지원사업 실시,1,신청 기간은 오는  월  일까지이며   코로나  확산 방지를 위해 인터넷 또는 등기우편으로 신청하면 된다  우편 신청은 충주시 홈페이지 고시 공고 입찰란에서  ,1
147,충주중원문화재단  한국예술복지재단 상임이사상 수상,1,또  코로나  대응 관련 문화사업이자 전국 최초로 사업을 시행한 충주문화예술백신 일상으로 더 가까이 를 포함한 충주 팝업전시  충주 문화버스킹  아트페어  ,1
148,영동군 치매안심센터  치매환자 쉼터 프로그램 재개,0,참여자들의 큰 호응 속에 운영된 프로그램이었지만 그동안  코로나  장기화로 운영되지 못해 주민들의 아쉬움이 컸다  하지만 다행히 사회적 거리두기 완화에 따라  ,1
149,괴산군   해피데이 자원봉사 릴레이 출발식 진행,0,이차영 괴산군수는  코로나 로 인해 모두가 힘든 시기인 만큼 이웃을 위한 도움의 손길이 더욱 필요한 시기 라면서  이번 자원봉사 릴레이에 참여해주신 모든 기관  ,1
150,영동읍 맞춤형복지팀  신용중기 사랑나눔 행복나눔 릴레이 제 호 기부,1,임병훈 대표는  코로나  로 더 힘든 시기  경제적으로 어려움을 겪고 있는 이웃들에게 작게나마 도움이 되고자 성금을 기탁하게 됐다 며  이웃사랑 실천을 통해  ,1
151,충주시새마을회  복숭아 농가 생산적 일손봉사,1,충주시새마을가족은 고령화와 농촌의 인구가 줄어들고있고 특히   코로나 로 인하여 더욱 일손이 부족한 농가에 보탬이 될 수 있도록 계속적으로 일손돕기에 나서고자  ,1
152,증평군청소년수련관 방과후아카데미  청주 수암로타리클럽 물품 전달,1,증평군청소년수련관 김병노 관장은  코로나 로 인하여 어려운 시기에 나눔을 실천해 주신 수암로타리클럽 회장님 이하 회원님들께 감사의 인사와 소외계층  ,1
153,진천군여성단체협의회  농가 생산적 일손봉사 활동,1,이날 여성단체 회원들은  코로나 로 인력난에 어려움을 겪고 있는 지역 농가를 위한 일손봉사 문화 확산을 위해 구슬땀을 흘렸다  농가주 이모씨는  인력난으로 인해  ,1
154,충북지역인적자원개발위   년 제 차 개발위원회 개최,0,충북지역인적자원개발위원회 이두영 공동위원장은  코로나 로 어려움을 겪고 있는 기업들이 위기를 잘 극복하고 양질의 일자리를 확보할 수 있도록 우리 지역  ,1
155,옥천군  청년 전세대출금 이자 월세 지원사업 대상자 모집,1,박노경 기획감사실장은 코로나  장기화로 경제적 어려움을 겪고 있는 청년들의 삶에 조금이나마 도움을 줄 수 있어 큰 의미가 있다 며  앞으로 옥천 청년들의  ,1
156, 동십자각  벚꽃엔딩,1, 코로나 로 대부분의 축제가 취소됐지만 많은 상춘객이 벚꽃 구경에 나설 것이다  흐드러지게 핀 꽃을 보면 답답하고 울적한 마음이 조금이나마 가실 듯하다  언제부터인가 벚꽃이 대학과 연결되고 있다  서울 수도권에서  ,1
157,종근당   미래 지향적인 신약개발 패러다임 구축 ,0,김영주 대표는 인사말을 통해  지난해는  코로나  팬데믹의 장기화로 어려워진 경제상황과 대외변수에도 불구하고 주요 제품과 신제품의 견고한 성장을 바탕으로  년 연속 매출액  조원을 달성했다 고 말했다  김  ,1
158,의정부시시설관리공단   봄맞이 희망더하기 행복곱하기  사랑나눠,1,하였으나   코로나  장기화로 장애인생산품 구매  물품 후원 및 홈배송  임해명 이사장은  코로나  장기화로 모두가 힘든 시기에 딸기농가 및 장애인 가족 돕기  ,1
159, 해외사업 확대 브랜드 가치 높이기 새판짜는 식품업계,1, 코로나  위기 속 새 먹거리 발굴과 함께 다양한 분야의 사외이사 선임 등 새 판을 짜는 분위기다   일에는  황 대표는  포스트  코로나  상황에 유연하고 적극적으로 대응해 매출 성장을 달성하겠다 고 전했다  이날  ,1
160,평창군    평화도시 평창 정원사 양성과정  개강 운영,1,올해 기초반 교육은 작년에 이어 세 번째로 녹색 배움의 기회를 제공하여  코로나   로 지친 주민들을 위로하고 공동체 정원조성으로 군민 주도의 녹화운동 및 녹색  ,1
161,인수위  금융위에 소상공인 손실보상 연계 금융지원 마련 요청,0,금융위 업무보고  가계부채 대응 보이스피싱 법 집행 강화 청년도약계좌 추진방안 등  코로나  피해  인수위는 업무보고에 이어 금융위와 소상공인 자영업자  코로나  금융 지원 평가 및 향후 관리 방안  자본시장  ,1
162, 전남 단신 함평군 농어민 회관  건립  첫 삽 년  월 준공 등,1,센터는 함평군여성자원봉사회  함평우체국 등 유관기관과 연계해 독거노인 고독사 예방   코로나  심리방역 등 다양한 자원봉사 활동을 펼칠 계획이다   함평군  개별공시지가 열람 의견 제출기간 운영 전남  ,1
163,평창군보건의료원 치매안심센터   치매예방교실  운영,0, 코로나  장기화로 인해 지역 내 독거어르신들의 활동이 제한됨에 따른 우울증 증가와 고립감 등이 심한 사회문제로 부각되면서 이에 따른 지역사회 고령화인구의  ,1
164,영동 양강면적십자봉사회  독거노인 대상 사랑의 꾸러미 배달,1,배순득 적십자봉사회 회장은  코로나 로 힘든 시간을 겪고있는 소외된 이웃들이  감사드린다 라며   코로나 로 인해 더욱 외롭고 힘든 시간을 보내고 있을  ,1
165,연탄은행  지난 동절기  만 장 연탄 나눔 에너지빈곤층 통합 지원 ,0,연탄은행 대표 허기복 목사는  코로나  장기화로  연탄보릿고개 로 불릴 만큼 어려운 상황을 보내고 있지만 후원자와 봉사자들 덕분에 따뜻한 대한민국을 만들 수 있었다 고 전했습니다   허기복 목사   연탄은행   개인  ,1
166, 포토  정선군자율방범연합대  희망나눔 캠페인에 성금 기탁해,1, 월  일  정선군자율방범연합대에서는 정선군을 찾아  코로나  등으로 어려움을 겪고 있는 이웃을 위해 써달라며 최승준 정선군수에게 희망나눔 캠페인 성금  백만  ,1
167,김인호 서울시의회 의장  대통령 집무실 용산 이전 관련 서울시장 공식입장 표 ,0,박수를   코로나 라는 예상치 못한 위기에 맞서 시민 안전을 위해 함께 애쓴 서울시장과 교육감을 비롯한   코로나  장기화로 인해 민생은 여전히 혹독한 겨울을 보내고 있습니다  수개월 째 오미크론 대유행이 지속되면서  ,1
168,벤투 감독부터 손흥민 이재성까지 입 모아  팬분들 모두 감사드린다 정말 행 ,1,신종  코로나 바이러스 감염증 코로나 으로 인해 사회적 거리 두기가 시작된  년  월 이후 국내 모든 스포츠를 통틀어 최다 관중이었다  관중이 꽉 들어차면서 경기 전부터 심혈을 기울여 준비한 카드섹션 응원도  ,1
169,충남도 노동환경 변화  대응 정책 본격 가동,0,제 차 노동정책 기본계획 추진  년 차인 지난해는  노동 존중  기반 강화를 목표로  코로나  위기 상황임에도  노동자이사제 운영  산업안전지킴이 운영  취약 노동자 보호  사회적 민 관 협력 확대 등 상당한 성과를  ,1
170,불안한 기업들  가동률 낮추고 투자 미룬다,0, 코로나  재확산과 우크라이나 사태 장기화 등 대외적 불확실성이 커지는 가운데 국내 주요 대기업들이 올해  기업들은 올해 투자 규모를 늘리기 어려운 원인으로  코로나  확산세 및 원자재 가격 상승 등 국내외  ,1
171,한국콜마   기 주주총회   주주가치 제고 약속 ,1,신임 최현규 한국콜마 대표는  격변하는 시장 상황과  코로나  장기화로 어려운 경영상황 이었지만 비대면 유통채널 제품개발 강화 등을 통해 매출 성장을 이뤄냈다 며  올해는 해외시장을 확대하고  신성장 동력  ,1
172,건설기술인의날 기념식 개최 전경수 유신 회장 금탑산업훈장,0,김부겸 국무총리는 축사를 통해  코로나  상황에서도 지난해 국내 수주  조원과 해외 수주  억달러를 넘어서는 값진 성과를 달성해 어려운 시기를 도약의 발판으로 만든 건설기술인의 노고에 감사를 전한다 고  ,1
173,김주하  가 전하는  월  일 종합뉴스 예고,0,  먹는 치료제 다음 달 말까지  만 명분 도입 정부가  코로나  먹는 치료제 도입 시기를 앞당겨 다음 달 말까지  만 명분을 도입하겠다고 밝혔습니다  현재 국내에서 처방 중인 먹는 치료제는 화이자의  팍스로비드  ,1
174,충북농기원 년 농업기술 치유농업대학 교육생 모집,0,최근에는 디지털 시대의 전환과  코로나  장기화로 농업 농촌에서 정신적 치유의 도움을 얻으려는 수요 증가로 치유농업이 더욱 주목을 받고 있는 추세이다  이런 시점에 발맞춰 충북농업기술 치유농업 대학을  월  일  ,1
175,한국콜마 정기 주총  신성장 동력 발굴위해 전략적 투자 강화 ,0,신규 선임된 한국콜마 최현규 대표는  격변하는 시장 상황과  코로나  장기화로 어려운 경영상황이었지만 비대면 유통채널 제품개발 강화 등을 통해 매출 성장을 이뤄냈다 며  올해는 해외시장을 확대하고  신성장 동력  ,1
176,방역 우수국 호주  내달부터 취약계층 대상 백신  차 접종,0,남반구 국가인 호주가 겨울을 앞두고 내달부터 취약 계층을 대상으로 네 번째  코로나  백신 접종을  이 같은 호주 당국의 결정은  거리두기  방역 조치가 점차 해제되는 가운데  겨울에  코로나 와 계절독감  ,1
177,에스티팜    백신  다양한 적응증으로 사업영역 확대 기대,0,에스티팜 대표 김경진 이 식품의약품안전처로부터  코로나  메신저리보핵산 백신 후보물질  의  특히   코로나  백신 접종율이 낮은 남아프리카공화국에서도 임상을 진행  임상  상을 신속하게 마무리해  ,1
178,한국콜마  신임 최현규 대표  적극적 해외 공략과 전략적 투자 통해 주주가치 ,1,또한 신규 선임된 한국콜마 최현규 대표는  격변하는 시장 상황과  코로나  장기화로 어려운 경영상황 이었지만 비대면 유통채널 제품개발 강화 등을 통해 매출 성장을 이뤄냈다 며  올해는 해외시장을 확대하고  ,1
179,한국콜마  정기 주주총회 마무리 최현규 대표 신규 선임,1,신규 선임된 최 대표는  격변하는 시장 상황과  코로나  장기화로 어려운 경영상황 이었지만 비대면 유통채널 제품개발 강화 등을 통해 매출 성장을 이뤄냈다 며  올해는 해외시장을 확대하고  신성장 동력 발굴을  ,1
180, 선거법에 따라 언행에 신중을 기해달라 ,0,이날 간담회에서 목사부총회장 예비후보인 김의식 목사 영등포노회 치유하는교회 는  코로나 로 모두가 어려운 시기에 제 회 총회 목사부총회장 예비후보로 등록하게 돼 감사하다 면서  선거관리위원장과 위원들의  ,1
181,장성군  발 빠른 소상공인 지원  주목 ,0,군 관계자는  당초  월에 지급 예정이었으나  코로나  장기화로 어려움을 겪고 있는 소상공인들의 생활 안정을 위해 지급 시기를 앞당겼다 면서  힘든 시기를 보내고 있는 소상공인에게 조금이나마 도움이 되길 바란다  ,1
182,사닥다리종합건설  교회건축 선도 역할,0,도전해야 변화하고 도약한다 며  코로나  이후를 대비해 건축을 준비하는 전국의 많은 교회를 위해 국민일보와 협력해 적극 돕겠다 고 밝혔다  자문위원은 나 대표를 비롯해 한상업 지우종합건설  양민수  ,1
183, 핫플  현장탐방   자연과 함께 떠오르는  금 평구 ,1,입지와 업종별  유동인구에 따라 수익률은 달라질 수 있다 며  현재 신종  코로나 바이러스 감염증 코로나  영향으로 임대시장이 좋지 않아 최소  년은 기다려야 원금이 회복될 것으로 보인다  상황에 따라 원금회복  ,1
184,국민의힘  사무처  여성국  없앴다 시민사회  여가부 폐지 안돼 ,1, 코로나  팬데믹과 기후위기는 구조적 불평등을 더욱 심화시켰다 며  이미 수많은 통계가 증명해주듯이 여성은 남성에 비해 고용률이 낮고 훨씬 더 많은 폭력에 노출되어 있다 고 주장했다  그러면서  기업은 여성이라  ,1
185,국민의힘  사무처  여성국  없앴다 시민사회  여가부 폐지 안돼 ,1, 코로나  팬데믹과 기후위기는 구조적 불평등을 더욱 심화시켰다 며  이미 수많은 통계가 증명해주듯이 여성은 남성에 비해 고용률이 낮고 훨씬 더 많은 폭력에 노출되어 있다 고 주장했다  그러면서  기업은 여성이라  ,1
186, 유노유농    금메달리스트 철학 담긴 김포 구정회 농구교실,1,끝으로 구정회 원장은  모든 농구교실들이 그렇겠지만   코로나 에 너무 오랜 시간 지쳐 있었다  아이들도  학부모들도 그렇다  어려운 상황 속에서 꾸준히 수업에 보내주시는 부모님들도 있었는데  정말 감사하다  ,1
187,눈 뜨고 자는 원인 각양각색 검은자 까지 보이면 주의해야 수면특집 ,0, 사람은 왜 눈을 감고 자야 할까  코로나  팬데믹이 장기화되면서 일상이 불규칙해진 사람들이 늘어났습니다  특히 수면시간이 들쑥날쑥해지며 수면의 질이 떨어졌다고 하는 경우가 많은데요  이들은 회복에 어려움을  ,1
188,남자 프로배구  는 단판  챔프전은  전 선승제,0,챔피언결정전은  코로나  확산으로 인해  전 선승제로 축소돼 격일로 운영된다   월 일 오후 시 정규리그  여자부의 경우   코로나  확진자 속출로 인해 조기종료  현대건설이 정규시즌  위로 마감했다 ,1
189,  팬데믹으로 알코올 관련 사망자 수 급증,1, 코로나  팬데믹 기간 봉쇄와 사회적 거리 두기로 인해 알코올 관련 사망자 수가 급격히 증가했다는  여기에  코로나  사망자는 소수만 포함됐는데   년  세 미만 미국 성인 중 알코올 관련 사망자 명 가  ,1
190,김혼비  이런 친구와 자주 만나 놀고 싶다  ,0,글을 읽으며 운동화 끈을 고쳐 묶고 동네 골목길이라도 달리고 싶은 기분이 들었고   코로나 가 끝나면  월엔 강릉단오축제에   월엔 산청곶감축제에 꼭 가보리라 다짐하다가  나는 누군가에게 다정한 사람이었는가  ,1
191,용인시  임신부 신속항원검사 키트 받아가세요 ,1,시 관계자는  코로나  확산 방지 및 임신부와 태아의 감염 예방을 위해 신속항원검사 키트를 지급하고 있다 며  키트 지원이 태아와 임신부의 건강을 보호하는데 도움이 되길 바란다 고 말했다 ,1
192,프로배구 남자부  봄 배구   월  일 개막  챔프전  전 선승제 축소,0,신종  코로나 바이러스 감염증 코로나  확산으로 중단된 탓에 일정이 타이트하다 오는  월  일 오후  시 정규리그  위와  위의 준플레이오프 준 가 펼쳐진다  장소는 정규리그  위의 홈 구장이다  준 는  위와  ,1
193,부산 남구   년 상반기 자원봉사 리더 양성 교육 개최,1,부산 남구는  코로나 의 확산이라는 상황에서 자원봉사의 역할과 가치에 대해 교육하고 일상회복을  교육강사 전호환 동명대학교 총장 은  코로나   를 계기로 기존에 찾아왔던 언택트시대가 가속화 되었고 빠르게  ,1
194,한국콜마 최현규  적극적 해외 공략 주주가치 제고 ,1,신규 선임된 한국콜마 최현규 대표는  코로나  장기화로 어려운 경영상황이었지만 비대면 유통채널 제품개발 강화 등을 통해 매출 성장을 이뤄냈다 며  올해는 해외시장을 확대하고  신성장 동력 발굴을 위한 전략적  ,1
195,남원소방서  제 회 의용소방대의 날  기념식 가져,0,남원시 의용소방대연합회는 총  개대  명의 의용소방대원으로 구성  각종 재난현장 지원을 비롯 사랑의 헌혈 활동   코로나  방역  주택용 소방시설 설치 등 지역주민들의 안전을 위해 앞장서고 있는 단체로 평가되고  ,1
196,임실 신덕면 제방 꽃 둘레길 조성,0,임실군 신덕면이  코로나 로 지친 주민들이 산책하고 쉴 수 있는 휴식공간을 조성하고 면을 찾는 방문객들에게 깨끗하고 아름다운 이미지를 선사하고자 꽃 둘레길을 조성하고 있다  면은 지난  일부터  일까지 관내  ,1
197,당진 대표 봄 축제 올해도 잇단 취소 축소,1,그러나  코로나  발생 이후 축제는 개최되지 못하는 상황이지만  봄이 되면 당진의 벚꽃을 보기 위해 많은 방문객들의 발길이 이어지고 있다  다만  행사는 개최되지 않지만  당진시는 벚꽃길 구간을 폐쇄하지 않고  ,1
198,강원도  제 회 추경  억 원 증액 편성,0,이번 추경에는  코로나 로 위축된 민생경제의 일상 회복과 포스트  코로나  대비를 위한 지역산업 경쟁력 강화  고용안정과 일자리 창출 등에 예산이 중점적으로 편성됐습니다  강원도는  이번 추경은  코로나 로 인해  ,1
199, 중동 사막을 채소밭으로 사회 혁신 나선 스타트업,1,신종  코로나 바이러스 감염증 코로나  사태 이후 불거진 공급망 문제를 도시형 농장 모델을 통해 해결할 수 있다는 점에서 호평을 샀다  실제 엔씽의 무대는 공간을 가리지 않는다  한국을 넘어 과거엔 농업이 불가할  ,1
200,전북테크노파크  취약계층 위해 희망나눔 물품기부 실천,1,취약계층에 직접 기부하는 것은 물론이고   코로나 의 직격탄을 맞은 소상공인의 물품을 구매하여 기부하는 등 지역경제활성화에도 이바지하고 있다  양균의 원장은  코로나 와의 긴 싸움으로 지쳐 있는 지역주민을 돕기  ,1
201,  건설기술인의 날  기념식 성료,0,김부겸 국무총리는 축사를 통해  코로나  상황에서도 지난해 국내 수주  조원과 해외 수주  억 달러를 넘어서는 값진 성과를 달성해 어려운 시기를 도약의 발판으로 만든 건설기술인의 노고에 감사한다 고 말했다  ,1
202,임실 청웅면 봄꽃 식재로 쾌적한 가로경관 조성,0,면은 이번 봄꽃 식재로  코로나 로 침체된 생활환경을 개선하고 지친 면민들에게 따뜻한 위로와 즐거움을 선사할 것으로 기대하고 있다  유규영 청웅면장은  앞으로도 계절에 맞는 다양한 꽃들을 식재하여 쾌적하고 특색  ,1
203,전북농협  종합업적평가  위 달성 결의,0,정재호 본부장은  올해도  코로나 와 자연재해 재난  일손부족 등으로 농업 농촌에 많은 어려움이 예상된다 면서  농협 비전    함께하는  년 농협  구현과 농업 농촌  농업인이 함께 성장할 수 있도록 사명감을  ,1
204,횡성  코로나  확진자  명 번  추가 발생,1,횡성에서  일  코로나  확진자  명 번 이 추가로 발생했다  이들 확진자는 집중 관리군  명  일반 관리군  명  타 지역 이관  명  입원  명 등이다 ,1
205,무주군자원봉사센터  행복나눔 이동빨래방차 운영 재개,1,이강우 이사장은  코로나 로 자유로운 활동에 어려운 시기지만 이동빨래방차 운영을 통해 지역주민들과 소통하고  살피며  년을 새로운 희망으로 가득한 무주를 위해 센터가 더욱 노력해 나가겠다 라는 뜻을 전했다  ,1
206, 속보  충주  코로나  확진자  명 추가  오늘 밤 강풍 동반한 비 ,1,보건소 및 선별진료소에서 자가검사키트를 활용한  코로나  신속항원검사를 받을 수 있다   국제뉴스  충북 충주에서  코로나  확진자가 발생했다   일 시는 안전 안내 문자를 통해  월  일 확진자  명 발생  ,1
207,전북도교육청 올해 검정고시 시험장소 공고,1,한편 응시자 중 확진자  자가격리자 통보를 받고 시험 당일  코로나  격리 치료  중 시험응시를 희망할 경우 반드시 별도시험장 응시신청서 를  월  일  시까지 제출하여야 시험에 응시할 수 있다  이휘빈 기자,1
208,김제시  주한미군 내 관내 제품 수출납품 추진,0,김제시는   전북지원단과 함께  코로나 로 판로개척에 어려움을 겪고 있는 관내 기업을 돕고자 사전조사를 통해 주한미군 내 납품을 원하는 기업을 선정해 검역과정이 불요한 공산품을 지난  일부터 선제납품했다고  ,1
209,울진군  울진녹색농업대학  월  일까지 과정별 개강,0,울진군농업기술센터는  코로나  확산 방지를 위해 책상 가림막 설치  전원 마스크 착용  교육 전 체온체크  소독제 비치  환기 등 방역수칙을 철저히 준수할 계획이다  황증호 소장은  산불   코로나  등으로 인해 교육을  ,1
210, 워라밸 지키면 짤리는 회사  한국  노동조합 쟁의행위 돌입,0, 코로나  이후 급증한 업무강도에 더해 최근 실시한 명예퇴직 프로그램이 불씨를 당겼다   일 한국   는  코로나  이후 급격한 성장을 거둔  코로나  수혜기업 이다   년  월 년  월까지의 실적이 담긴  ,1
211,중앙 제 단계 홍콩 방역 지원 시설 완공,0,린정웨어 행정장관은  차  코로나  감염 확산으로 위급한 시기에 특구정부는 중앙에 지원을 요청했고  중앙은 이에 적극 응해 전력 지원함으로 한 달도 안돼  개의 시설을 완공했다  큰 규모와 빠른 속도로 볼 때 홍콩  ,1
212,   전쟁통에 부국들  코로나  백신처럼 식량 사재기 말라 ,1,특히 현 세계 식량 상황을 놓고 부국이 여분의  코로나  백신을 확보하고도 빈국에 베풀지 않아 아프리카가 새로운  코로나  변이 진앙이 됐던 지난해와 비견했습니다  그는  우리가  코로나  백신 상황에서 본 것처럼  ,1
213, 코로나  정점 지났다는 정부 보건소 신속검사 중단 검토,1,치료이어 검사도 개인에 떠맡겨 정부가  코로나  확산세가 정점을 지나 하락세로 전환됐다고 밝힌 가운데  화이자가 개발한  코로나  먹는 치료제  팍스로비드 는 하루  명 넘게 투약되면서 재고량이 빠르게  ,1
214, 탄탄한 지역돌봄 남양주희망케어 금고 협약,1,전정수 북부희망케어센터장은  최근  코로나  확장세에도 불구하고  관련 민간기업들의 도움이 날로 늘고 있다 며  이를 계기로 지역돌봄이 한층 강화되고 있다 며 고마움을 전했습니다 ,1
215,신인도 활약  중고신인도 활약  이번 즌 여자부 새 얼굴들,1,신종  코로나 바이러스 감염증 코로나 의 여파로 인해 안타깝게 리그가 조기 중단되었지만  경기 동안 여자부 신인들은 구슬땀을 흘려가며 경기에 매진하였다  이번 시즌 활약한  리그의 새 얼굴들 중  명의  ,1
216,부안군 생활개선회   내 집처럼 깨끗하게  새봄맞이 대청소,1,이번에는 부안읍 내에서도 이용이 많은 아담사거리에서 교육청사거리 구간에서 진행됐다  이밖에도 부안군 생활개선회는  코로나  의료진에게 수제 빵을 전달하고  월 매주 월요일 소녀상 주변 청소 봉사활동도 하고 있다 ,1
217,배달앱 되는 일식집   한식당  손맛만으로 버티기 한계 ,0,배달문화 급속 확산에 백년노포도 문 닫는다 고령점주  코로나 불황 직격탄 대통령 찾던 한식 맛집도 매출    코로나  이후 예약 손님이 줄어 매출이 그전보다  나 떨어졌다고 하소연한다  하나로회관 대표 김 모씨  ,1
218,교육부 업무보고  통폐합 언급 없었다 고교학점제 대책 논의 ,0,인수위 측은  대표적인 교육 현안인 학교  코로나  대응 지원  교육격차 해소  고교학점제 등에 대해서는 충분한 현장의 의견수렴을 통해 인수위원과 교육부가 함께 그 대책을 논의하기로 했다 고 말했다  ,1
219,김서영   금융 코리아 스위밍 챔피언십 접영    위 기록,0,경기를 마친 김서영은 매니지먼트사인 올댓스포츠를 통해  준비하는 동안 컨디션이 좋지 않았고  코로나 로 어려웠던 훈련 환경 때문에 좋은 기록을 바라기보단 할 수 있는 최선을 다하고자 했다  오늘 접영  ,1
220,울산  오후  시 기준  명 확진 사망  명,0,울산시는  일  시부터 오후  시까지  코로나  신규 확진자가  명 발생했다고 밝혔다  신규 확진자를  한편  울산시는  월  일부터  코로나  임시선별검사소를 축소 운영한다  시는 그동안 구 군별  곳씩  ,1
221,인수위  지역대학 적극 활용 방안 마련 만 디지털인재 양성 ,0,대표적인 교육 현안인  학교  코로나  대응 지원  교육격차 해소  고교학점제 등에 대해서는 충분한 교육현장의 의견수렴을 통해 인수위원과 교육부가 함께 그 대책을 논의키로 했다  인수위 측은  이날 업무보고 내용을  ,1
222,치킨값  만원 받아야 한다던    고통 분담 차원서 가격 안 올려 ,0,  치킨 프랜차이즈 제너시스  그룹이 소비자들의 고통 분담 차원에서 최근 잇따른 치킨 가격 인상에도 가격 동결을 고수하고 있다 일 제너시스 에 따르면 지난해 연말부터 전 세계  코로나  재확산과 물류대란으로  ,1
223,광양 매화마을의  시린 봄 매화인가 구름인가 ,0,여기에  코로나  팬데믹  년째로 마음은 여전히 혹독한 겨울이다  모두가 마스크로 얼굴을 가렸고  가급적 집  있다 면서  코로나 가 하루 빨리 종식돼 마스크 벗고 마음 편히 즐겼으면 좋겠다 고 말했다  청매실농원에서  ,1
224,전수경  웨딩드레스 자태 문성호와 재혼 전자 맏며느리 되나  결사곡 ,0,또한 코로나 의 확산세가 최근 두드러지는 가운데 방역 당국의 지침을 철저히 준수하고 촬영하고 있으나 출연진 및 스태프들의 안전을 고려해 선제적 대응 차원에서 일 오후 시 방영 예정이었던 회는  ,1
225,한국콜마  최현규 대표 신규 선임 주주가치 제고 약속 ,1,신규 선임된 최현규 한국콜마 대표는  격변하는 시장 상황과  코로나  장기화로 어려운 경영 상황이었지만 비대면 유통채널 제품개발 강화 등을 통해 매출 성장을 이뤄냈다 며  올해는 해외 시장을 확대하고  신 성장  ,1
226,안랩  외인 기관  단타 매도 에 급전직하 억원 사들인 개미 어쩌나,0,특히 신종  코로나 바이러스 감염증 코로나  확산 이후 비대면 시스템을 보호해 줄 보안솔루션 도입 수요도 지속 확대되는 추세다  다만  안철수 라는 태생적 꼬리표 때문에 주가가 기업가치에 연동되지 못하는 점은  ,1
227,소방청  산악사고 증가하는 봄 맞아 안전대책 추진,0,김학근 구조과장은  코로나 로 인한 비대면 레저 확산으로 산을 찾는 인구가 늘고 있는 만큼 안전사고 예방을 위해선 자신의 체력에 맞는 코스를 선택하고 산행 안전수칙을 준수해야 한다 며  각 소방서에서  ,1
228,현명한  혼술  습관,0, 코로나  사태 이후 혼자 집에서 술을 즐기는 이들이 늘고 있는데요  이왕이면 즐겁고 건강하게 혼술을 즐겨봅시다  빈속에 마시지 않기 공복 상태에서 술을 마시면 평소보다 알코올이 빠르게 흡수됩니다  어차피 집에서  ,1
229,통영국제음악제 진은숙 예술감독  최상의 공연 선사하겠다 ,1, 코로나  등으로 일부 프로그램 차질 국내외 다양한 계층과 소통할 것  이용민 통영국제음악재단 대표   코로나  팬데믹 등 여파로 당초 계획대로 프로그램이 완성되지는 못했다  러시아의 우크라이나 침공은 일부  ,1
230, 하나금융  왜 함영주 인가     년만 수장교체  그들의 미래는,0,특히  코로나 로 비대면이 강화되는 가운데 은행 업무가   디지털로 이뤄지는 인터넷은행이나 빅테크와 경쟁해야 하는 상황에 놓였기 때문이다  김 회장은 올해 초 신년사를 통해  살아남는 것은 강하거나 영리한  ,1
231, 내일은 미스트롯    전국투어 콘서트  소리꽃  서울 공연,1,이번 서울 공연의 경우  소리꽃  제주 공연 이후  코로나  재확산에 따라 대구  부산 공연이 불가피하게 잠정연기된 후 함께하지 못했던 관객들과의 약속을 지키기 위해 기획되었다    멤버들은 팬들에게 보답하기  ,1
232,이지혜 둘째 딸  잠잘 때도 세젤귀 벌써부터 이목구비 또렷,0,한편 이지혜는 세무사 문재완과 결혼해 슬하에 두 딸을 두고 있다  그는 현재      오후의 발견 이지혜입니다  진행을 맡고 있으며 최근  코로나  확진 판정을 받았지만 완치됐다 ,1
233, 나몰라 패밀리  김경욱  바보킴 콘셉트 고맙다고 하더라   근황올림픽 종 ,0, 코로나 가 터지고 시작했다 고 웃은 뒤  오신 분들은   만족하고 가신다  호두과자가 메인이고  술빵도 있고  볼거리도 많고 인스타그램 사진 스팟도 많다  나몰라 패밀리 보고 오셨다고 하면 서비스로 호두과자  개 정도  ,1
234,토끼네집  유아용 키즈 미술책상  스노우책상  리뉴얼 출시,0,토끼네집 관계자는  코로나 로 인해 비대면 학습이 늘어나면서 부모님의 지도 하에 거실에서 아이들이 놀이와 공부를 하는 모습을 흔히 찾아볼 수 있게 됐다 며  방에서만이 아니라 거실에서도 어른들과 함께 사용 할 수  ,1
235,에폭시 수요 활황 지속  석유화학사  믿을맨  부상,1, 년  코로나 로 침체했던 자동차  조선  건설 등 전방산업의 수요가 되살아나고 억눌렸던 전세계 소비 수요가 회복된 영향으로 풀이된다  특히 작년  월 에폭시 수출 단가는  년 이후 최고치 기록을 새로  ,1
236,전북도  저소득 장애인에 식사 보조기구 보행차 등 무료 지원,0,전북도청사 전북도 제공  전라북도는 코로나 등 사회변화에 따라 비대면 종합 조사를 통해 장애인  전라북도 관계자는 코로나 로 변화하는 사회환경을 반영해 편리하고 안전하게 보조기기를 이용할 수  ,1
237,정기선 사장 한국조선해양 대표이사로 현대글로벌서비스 역할론 대두,1,정 사장의 성과는  코로나  시기를 거치면서 두드러졌다   년 글로벌서비스는  코로나  원년 매출액  조 억원을 기록한 데 이어 지난해는  조 억원으로  년 연속  조원 대를 돌파했다  특히 정 사장의  ,1
238, 코로나 독감  혼합 백신 매년 한 방만 맞는 시대 온다 ,0,   코로나 백신 오미크론 백신  차 확진자 격리지원금 신청 혼합백신 화이자의  세용 백신  사진 연합뉴스  이런 가운데 미국 과학자들은  코로나  백신이 독감처럼 매년 맞는 주사가 될 것이라고 예측하고 있다  ,1
239,경기도 도의회   자치분권 시대  시민참여형 협업 모델 구축해야 ,0,특히  코로나  장기화와  차 산업혁명에 의한   심화  저출산 저성장 고령화 지역소멸 등으로 주민들의 주도적이고 자발적인 참여가 중요하다 라며  사회문제가 복잡해지고 정부와 시장  시민사회가 상호의존하고  ,1
240,하이트진로  첫  사외이사 탄생  김인규 대표의 변화 예고,1,김인규 대표 사진 는 신종  코로나 바이러스 감염증 코로나  등으로 급변하는 경영 환경에서 과거 방식을 바꾸겠다고 말했다  그 시작으로 첫 여성 사외이사가 탄생했다  이은경 한민내장 대표이사를 사외이사로  ,1
241,지속가능한 보건의료체계를 위한 도전과 극복방안은 ,1,개최하고   코로나  등 신종 감염병 출현과 초고령화 사회에 대처하기 위한 방안을 모색했다 불확실성 극복전략 을 주제로 열린 첫 번째 세션에서는  코로나  극복을 위한 임상진료지침 개발과 의료기술이  ,1
242,원희룡   코로나  확진으로 인수위  비상 기획위 잘 운영 ,0, 일  코로나  확진 판정을 받은 것으로 알려졌다  권영세 부위원장  추경호 기획조정분과 간사  최종학 인수위원 등에 이어 또 확진이 나오면서 인수위에도 비상이 걸렸다  원 위원장은 이날 페이스북을 통해  코로나  확진  ,1
243,    임상 다 끝냈는데  좌초   디자인이 성패 좌우 ,0,이밖에 임상 디자인을 잘 짠 사례로는 머크의  코로나  치료제와 노바티스의 안구건조증 치료제 등을 들 수 있습니다  언제  어떤 임상 디자인을 하느냐에 따라 신약 가치가 달라질 수 있다는 것을 보여주는 사례입니다  ,1
244, 감기약 품귀 지속 전문 약품 수급도  비상 ,0, 코로나  장기화로 재택 치료자가 늘면서 종합 감기약을 비롯한 상비 약품 품귀 현상이 지속되고 있습니다   코로나  걸린 사람 또 앞으로 걸릴 것을 걱정하는 사람들이 상비약으로 다 집에 준비해 두니까   지금 모든  ,1
245,일동   광동    투자 대비되는 행보,0,제약업계가 지난해  코로나  상황 속에서 대부분 매출과 영업이익 증대를 기록한 것과 다르게 일동제약은  구축해왔다 며  코로나  치료제 임상 및 상용화 추진뿐 아니라  당뇨병 치료제    치료제 등 신약 개발  ,1
246, 물산업클러스터 목표 달성 빨간불,0, 코로나  상황이 이렇다 보니까  기업들이  투자를 머뭇거리고 있는 상황입니다  더구나 입주기업 대부분이 중소기업이어서 기술개발지원이 절실한 실정입니다  지금까지 신기술을 개발한 기업은 한곳도 없어  ,1
247,중기부   코로나  대응 정책자금 보증 만기  월말까지 추가 연장,1,그러나  년 거치  년 분할 상환에 따라  코로나  최초 확산 시점인  년  월부터 정책금융기관에서   코로나  확산으로 피해를 입은 소상공인과 중소기업은 다음 달부터  월 말까지 원금상환이 도래하는 대출  ,1
248, 출마하려면 공부해라 열공 모드에 빠진 국민의힘 후보들,0,다만   코로나  사태 속에서 치러지는 만큼 시험장  곳당 응시자  명으로 제한할 가능성이 높습니다  이를 놓고 지방선거에 입후보하려는 국민의힘 소속의 전 현직 지방의원과 정치신인 간 반응은 극명한 대조를 보이고  ,1
249,증오범죄 대처 아시안  호신술 연마  인기,0, 코로나  팬데믹 사태 이후 미 전국에서 아시안 대상 증오범죄가 급증하고 최근에는 아시안 노인과 여성을   코로나  팬데믹이 시작된 후부터 급증한 아시안 대상 증오범죄로 인해 이같은 호신술 수업을 개최하게  ,1
250, 넘버스 돈 잘 버는    조원 현금  행선지는 ,0, 카드는  코로나 로 움츠러들었던 여행 수요가 조금씩 되살아나면서  년 매출이 전년 대비   증가했습니다  스튜디오지니를 비롯한 주요 콘텐츠 자회사들의 매출도   늘었습니다  영업이익뿐만 아니라  ,1
251,송가인  어린 시절 사진 공개  어릴 때부터 패션모델 ,1, 일 소속사 포켓돌스튜디오 측은  송가인의  년 첫 투어 콘서트 일정 발표를 오는  일로 연기하게 됐다 라며  현재  코로나  상황으로 인하여 팬들의 안전을 고려  최종 일정을 조율한 후 세부 사안을 발표할 예정이다  ,1
252,  주총  황성만 오뚜기 대표  등 제품들 강점 살려 매출 올릴 것 ,0,말하며  코로나  및 포스트  코로나  상황에 유연하고 적극적으로 대응하겠다고 강조했습니다  오뚜기는 올해 역시 다양한 신제품을 선보인다는 계획입니다  황 대표는  변화하는 소비자 니즈에 맞춰 수요를 창출하는  ,1
253, 기내 마스크  검사 해제해달라 ,0,오미크론 변이 바이러스 감염 확산이 안정세로 접어들면서 각종  코로나  방역 조치들이 완화되고 있는 가운데 미국 항공업계가 기내 마스크 의무 착용과  코로나  의무 검사 제도의 조속한 철회를 연방정부에  ,1
254,한우 수급  년과 비슷하지만  급격한 폭락 은 없을 것,0,축산물 도매시장에서 중매인이 한우지육을 살펴보고 있는 모습 자료 사진   위드  코로나  이후 한우산업은  코로나 로 인한 가격 상승 효과 상쇄로  코로나  발생 이전 수준으로 회귀할 것이라는 전망이다  특히  년  ,1
255,소득세 절세  자산기관 활용 방법 찾아야,0,팬데믹 국면에서 직원 고용을 유지한 대가로 정부가 기업들에게 제공한  코로나  혜택과 같은 각종  텍스 크레딧 이 대표적이다  특히 이는 기업의 규모와 업종별로 적용 범위가 다르기 때문에 전문가와 상담 후  ,1
256,유은혜   일 여의도여고서  학생  코로나  우울  대처방안 논의,0,방문해  코로나  장기화에 따른 불안  우울 등 학생 심리 정서적 변화와 대처 방안에 대해 현장 의견을 수렴한다고 교육부가  일 밝혔다  최근 학생들이 겪고 있는 심리 정서적 변화와  코로나  우울 등에 대해 학교 현장의  ,1
257, 책마을  팬데믹 그후 무너진 사회를 일으키는 건  손에 손잡고 ,1, 코로나  확산의 충격은 잠복했던 사회의 약점을 고스란히 드러냈다  눈에 띄지 않던 미세한 균열들은 눈   이기적 인류의 공존 플랜 은  코로나  팬데믹으로 흔들리는 사회 안정성을 회복하고  새로운 시대에 걸맞은  ,1
258,삼둥이맘 황신영  목 안에 개미  마리 있는 느낌   코로나  증상 토로,1,개그우먼 황신영이  코로나  확진 후 증상을 전했다   월  일 황신영은 자신의 인스타그램 스토리에 자신의  앞서 황신영은 아들 아준과  코로나  동반 확진 소식을 전하며  안방에서 모자가 함께 자가격리 중이라고  ,1
259,광주시  빛고을청년봉사단 발대식 개최 년째 자원봉사 활동,1,이날 발대식은  코로나  상황을 감안해 현장과 비대면 화상회의를 병행해 진행됐으며  봉사단 선서  리얼빛청 토크쇼 등 순으로 진행됐다  빛고을청년봉사단은 선서를 통해 지역사회 발전과 행복한 광주 공동체 조성  ,1
260,평창군 년 치매예방교실 운영,1, 코로나  장기화로 인해 지역 내 독거어르신들의 활동이 제한됨에 따른 우울증 증가와 고립감 등이 심한 사회문제로 부각되면서 이에 따른 지역사회 고령화인구의 돌봄과 인지활동의 중요성 또한 강조되고 있다  장재석  ,1
261,금융위  인수위 업무보고 소상공인 지원 청년도약계좌 등 논의,1,금융위 업무보고를 받은 인수위원들은  코로나 의 피해로부터 회복과 도약의 발판을 충분히 마련해야한다는 당선인의 철학에 맞게  코로나  피해 소상공인 자영업자에 대한 손실보상금 등 지원정책과 연계해 다양한  ,1
262, 섬 신안  섬 수선화 축제  전면 취소,0,신안군이 대한민국을 대표하는 섬 축제인  섬 수선화 축제 를  코로나  확산 예방과 지역민의 안전을 감안해 취소한다고  일 밝혔다   코로나  이전 신안군 섬 수선화 축제 모습 당초 섬 수선화 축제는  월  일부터  ,1
263,한국콜마  정기 주주총회 개최  주주가치 제고 약속 ,1,신규 선임된 한국콜마 최현규 대표는  격변하는 시장 상황과  코로나  장기화로 어려운 경영상황 이었지만 비대면 유통채널 제품개발 강화 등을 통해 매출 성장을 이뤄냈다 며  올해는 해외시장을 확대하고  신성장  ,1
264, 은행가소식  농협은행  메타버스로  패널  발대식 개최,0,느껴질 수 있는 금융관련 정보들을 놀이와 결합시켜 재미와 정보를 전달한다  이번 금융체험은  코로나  방역 지침을 철저히 준수하며 개별 신청으로 모집된 도내 초등학생  명과 학부모 동반으로 진행했다   정종진 기자,1
265,오산시  이웃돕기 후원자에 감사서한문 발송,1, 코로나 로 모두가 힘든 시기임에도 따뜻한 손길로 후원성금과 물품을 지원하여 어르신들이 결식  영양결핍에 노출되지 않도록 식료품 백미  난방용품 등 생활에 필요한 물품이 끊임없이 기탁되어 오산시를 훈훈하게  ,1
266,안동광 의정부시 부시장  일주일 새 현안 사업장 잇따라 방문 ,0,안 부시장은  코로나  및 우크라이나 사태로 지역경제의 충격 여파에 대처하기 위해 민관합동  를 구성하고 도심 속 미군기지와 군부대 이전 부지의 반환을 통해 지역의 균형발전과 주민의 복리 증진의 토대를  ,1
267,두바이의 봄을 알리는  아트 두바이    가보니,1, 코로나 로 억눌렸던 예술혼이 폭발하듯 다양한 행사가 개최되면서 여러가지 볼거리를 낳고 있다  것도  코로나 로 지친 이 정신세계를 예술작품 감상으로 좀 잊어버리면서 힐링하고 싶었기 때문이었다  ,1
268, 책마을   코로나 는 어떻게 세계경제를 바꿨나,0,벌써  년째 접어든  코로나  팬데믹의 상처는 깊고도 넓다  국내에선 확진자가 하루 수십만 명씩   년 글로벌 금융위기의 역사를 담아낸 책  붕괴 로 유명한 애덤 투즈 미국 컬럼비아대 역사학과 교수가  코로나  ,1
269,여주시  다음 달  일까지  농민기본소득  신청 접수,1,이항진 시장은  최근  코로나 의 재확산으로 인해 소상공인 및 골목상권이 위축되고 있는 상황에서 농민기본소득이 지급되면 지역상권 살리기에 도움이 될 것  이라고 말했다 ,1
270,대전환의 시대 속 소상공인   뒤쳐지지 않으려면 디지털 전환 필수 ,1,소상공인  는  코로나  이후 매출 감소를 경험했고  연 매출  천만 원 미만 소상공인은  년  에서  년  로 증가했다  대다수의 소상공인이  코로나  이후로 경영 위기에 처하게 된 것이다   코로나 는 사회 전반에  ,1
271,평창군   년 평화도시 평창 정원사 양성과정 개강,1,올해 기초반 교육은 작년에 이어 세 번째로 녹색 배움의 기회를 제공하여  코로나   로 지친 주민들을 위로하고 공동체 정원조성으로 군민 주도의 녹화운동 및 녹색 자원봉사 활동 실현을 목적으로 한다  이번 교육은  ,1
272, 주총 최현규 한국콜마 대표  해외시장 확대 전략적 투자 지속 ,0,최 신임 대표는 이날  격변하는 시장 상황과  코로나  장기화로 어려운 경영상황이었지만 비대면 유통채널 제품개발 강화 등을 통해 매출 성장을 이뤄냈다 며  올해는 해외시장을 확대하고  신성장 동력 발굴을 위한  ,1
273,대전환의 시대 속 소상공인   뒤쳐지지 않으려면 디지털 전환 필수 ,1,소상공인  는  코로나  이후 매출 감소를 경험했고  연 매출  천만 원 미만 소상공인은  년  에서  년  로 증가했다  대다수의 소상공인이  코로나  이후로 경영 위기에 처하게 된 것이다   코로나 는 사회 전반에  ,1
274,평창군   년 평화도시 평창 정원사 양성과정 개강,1,올해 기초반 교육은 작년에 이어 세 번째로 녹색 배움의 기회를 제공하여  코로나   로 지친 주민들을 위로하고 공동체 정원조성으로 군민 주도의 녹화운동 및 녹색 자원봉사 활동 실현을 목적으로 한다  이번 교육은  ,1
275,  창립  주년  구광모 회장  년 기업  초석 다진다,1,올해로 취임  년차를 맞이한 구 회장은  코로나 로 인한 사상 초유의 경영 위기 속에서도 선대 회장들의 기업가 정신을 계승하며  대 젊은 총수답지 않게 유연하고 노련하게  그룹을 이끌고 있다  특히  고객가치  ,1
276, 일부터  코로나  자가검사키트 판매 개수 제한 해제 가격 판매처 유지,0,오는  일부터 약국과 편의점에서 신종  코로나 바이러스 감염증 코로나  자가검사키트를 개수 제한 없이 구매할 수 있다 식품의약품안전처 식약처 는 오는  일부터 다음달  일까지  코로나  자가검사키트 판매 개수  ,1
277, 전국은 지금  연산문화창고 개관  문화와 예술 입힌 새 명소로 재탄생,0,이 날 개관행사는  코로나  상황으로 축소화하여 개막식 등의 별도 행사 없이 진행됐다  개관을 알리는 퍼포먼스와 공간투어 및 기획전시관람 등의 순으로 이어졌다  연산문화창고 개관 퍼포먼스 사진 논산시 제공 또한  ,1
278, 주총 최현규 한국콜마 대표  해외 공략 전략적 투자로 기업가치 높일 것 ,0,신규 선임된 최현규 한국콜마 대표는  격변하는 시장 상황과  코로나  장기화로 어려운 경영상황이었지만 비대면 유통채널 제품개발 강화 등을 통해 매출 성장을 이뤄냈다 며  올해는 해외시장을 확대하고 신성장 동력  ,1
279, 카드뉴스  강원 횡성군 주요 뉴스  월  일 ,0,현재 보건소는  코로나  확산에 따라 진료 업무를 잠정 중단한 상태로   코로나  확산세가 가라앉는 대로 본격 진료를 시작할 예정이다  진료 등 보다 자세한 문의는 건강증진과 진료관리팀으로 하면 된다    횡성군  ,1
280, 코로나  극복   헌혈캠페인 두달간  천명 돌파   억 적립,1, 코로나  확산 여파로 국가적 혈액 부족 사태가 발생하자  그룹 회장 최태원 사진 이 일반 시민과 협력사  사회적기업들과 함께 팔을 걷었다   일  그룹은 대한적십자사와 업무협약을 맺고 작년  월 중순부터  ,1
281,서울시의원  명  제 회 우수의정대상  수여,1,이날 우수의정대상은  코로나  확대로 전국단위 시상에서 시 도별 시상으로 변경됐다  우수의정대상은  전한다 며  그동안  코로나  위기 대응과 극복을 위해 애써주신 서울시의원 모두에게 감사드리며  남은 임기동안  ,1
282,하동군  기온상승에 이른 식목일 행사  편백  천그루 심어,0,하동군은 최근  코로나  재확산으로 식목일 행사 개최 여부를 두고 다각도로 검토해왔다  하지만 봄철 나무심기를 통해  코로나  블루 로 불리는 우울감과 무기력증을 해소하고  코로나  종식을 염원하고자 방역수칙을  ,1
283,   전쟁통에 부국들  코로나 백신처럼 식량 사재기 말라 ,1,세계무역기구    사무총장은 현지시각  일 러시아의 우크라이나 침공 이후 치솟은 식량 가격 탓에 빈국의 고통이 커질 것이라며 부국에 식량 사재기를 삼가달라고 촉구했습니다  응고지 오콘조이웨알라   사무총장은  ,1
284,올해도 봄꽃 축제 없어 시민 자유 관람은 가능 ,0,올해도 부산지역의 봄꽃 축제가  코로나  확산으로 대부분 취소됐습니다  부산시는 낙동강유채꽃축제 등과 관련해 별도의 대면 행사를 열지 않는 대신 방역수칙이 완화된 점 등을 고려해 꽃이 핀 현장에서 누구나 자유롭게  ,1
285,최현규 한국콜마 대표  적극적 해외 공략과 전략적 투자로 기업가치 제고 ,1, 사진 한국콜마 최 대표는  격변하는 시장 상황과  코로나  장기화로 어려운 경영상황이었지만 비대면 유통채널 제품개발 강화 등을 통해 매출 성장을 이뤄냈다 고 평가했다  이번 주주총회에서는 지난해 매출  ,1
286,연세의료원  온라인 의료서비스 확대 스마트 병원 구축,0,업무 진행 상황을 다른 의료진과 공유할 수도 있다  임준석 연세의료원 디지털헬스실장은  온라인 시스템을 활용해  코로나  감염을 방지하며 의료진과 환자  보호자 모두가 편리한 의료 환경을 조성했다 고 말했다 ,1
287,아산교육청  행정실장 대상 찾아가는 청렴특강 실시,1,이경범 교육장은  코로나 로 인해서 학교현장에서 최선을 다해주시는 행정실장님들께 감사드리며  청렴은  한편 이 날 행사는 마스크 착용  손소독  거리두기 등  코로나  감염 예방을 위해 철저한 방역수칙을  ,1
288,연세의료원  온라인 의료서비스 적용한 스마트병원 구축,0,또 의료서비스 제공 과정에서 방역 안전성도 증대돼  코로나  팬데믹 상황에서 미래형 병원 모델로 주목받고  연세의료원 임준석 디지털헬스실장은  온라인 시스템을 활용해  코로나  감염을 방지하며 의료진과 환자  ,1
289,유럽  코로나  빗장 풀려  노랑풍선 하나투어 모두투어 고객잡기 분주,0, 년  코로나  확산 이후 처음으로 내놓는 터키여행상품이다  노랑풍선은 이탈리아와 스위스  프랑스 등  프랑스와 스페인  터키 등은 현재  코로나  백신 접종 증명서만 있으면 유전자증폭검사나 신속항원검사를  ,1
290, 홈코노미  상품 수출 인기 식었다 상무부   무역 산업 기반 튼튼 ,0,수 대변인의 설명에 따르면 첫째   코로나  영향이 여전히 지속되고 있다  세계 공급망 병목 현상이 아직 해소되지 않아 반도체 칩 등 중요한 원자재 부족이 대외무역 기업의 발목을 잡고 있다  최근 전국 본토의  ,1
291,인천 연수구   개 동 행정복지센터 연두방문 진행,0,이번 연두방문은  코로나  상황에 따라 소규모 간담회 형식으로  각 동 행정복지센터를 방문해 구의 주요업무 추진실적과 올해 사업계획을 설명하고 지역현안에 대한 진솔한 소통을 통해 주민여론을 수렴하기 위해  ,1
292,농협장례식장전국협의회  년 정기총회 개최,1,농협은 현재 전국  개 농협에서  개의 장례식장을 운영하고 있는데   코로나 로 비대면 장례문화 보편화 등 경영환경의 변화에 대해  농협장례식장전국협의회 를 중심으로 상호 지원하고  영상조문서비스를 시범  ,1
293,한국콜마  정기 주주총회 개최 주주가치 제고 약속 ,1,신규 선임된 최현규 한국콜마 대표는  격변하는 시장 상황과  코로나  장기화로 어려운 경영상황 이었지만 비대면 유통채널 제품개발 강화 등을 통해 매출 성장을 이뤄냈다 며  올해는 해외시장을 확대하고  신성장  ,1
294,물류 산업을 바꾸는 운반 로봇    테크트렌드 ,1,신종  코로나 바이러스 감염증 코로나  사태의 팬데믹 세계적 유행  이후 재택근무 재택수업 등 집을 주요 활동 공간으로 삼는 새로운 라이프스타일이 확산됐다  다양한 재택 활동이 가능하게 된 데는 유통  ,1
295,여수시   이순신 숨결 따라 낮달 산책투어  운영,0,시 관계자는  체험형 관광 상품 운영으로 호국충절의 도시 여수를 알리고  가족 단위 관광객에게 좋은 추억과 교육의 기회도 제공하고 있다 면서  코로나  방지를 위해 방역지침을 철저히 준수하고 체험객의 안전에도  ,1
296,에스티팜   코로나    백신 임상 상 시험계획 승인,1,에스티팜이 식품의약품안전처로부터  코로나    백신 후보물질  에 대한 임상 상 시험계획 을   는 글로벌 임상을 통해 안전성이 검증된 지질나노입자 를 전달체로 사용한 국내 최초의  코로나  ,1
297, 섬 신안  섬 수선화 축제  취소,1,   섬 신안  섬 수선화 축제  취소  신안군은 대한민국을 대표하는 섬 축제인  섬 수선화 축제 를  코로나  신안 섬수선화축제위원회는 수선화 재배단지를 배경으로 다채로운 체험행사를 준비했지만   코로나  ,1
298, 무장애 숲길 식물원 나란히 첫 선  부천 새 명소로,0, 신귀현 부천시 공원사업단장   코로나 로 일상에 지친 시민들에게 편안하고 쾌적한 휴식처가 되고  무장애 숲길과 수피아 식물원이 시민이 여가를 즐길 수 있는 복합 공간의 명소로 거듭나기를 바랍니다  ,1
299,한국정보기술연구원 공동주관   파나마시티 파나마 종합박람회  참가,0,한국 기업들은  코로나  팬데믹의 어려운 상황 속에서도 해외 바이어들의 관심을 한 몸에 받으며 수출  공동 주관기관의 실무책임자인   서윤아 팀장은  코로나 로 인해  년과  년 전시회가 취소됐고   년  ,1
300,브이디컴퍼니    레스토랑 서빙로봇   공개,0,이어  올해   프랜차이즈 창업 박람회는 비대면 무인화 서비스가 주를 이뤘다 며  코로나 의 장기화로 서빙로봇 보급은 더욱 탄력받을 것으로 내다본다 고 말했다 ,1
301,유통업계 올해 주총의 화두는  새판  또 새판 ,1, 코로나 로 인해 온라인을 중심으로 유통 산업이 빠르게 변화되고 있는 만큼   플랫폼 개발 등을 통해 새 판  신세계는  코로나 로 가속화된 디지털 흐름에 맞춰 온오프라인 통합형 백화점을 세워나갈 계획이다  차정호  ,1
302,밀양시  위양지서 농특산물 주말 직거래장터 운영,1,구입해  코로나 로 지친 몸과 마음을 맛있는 먹거리로 해소하시길 바란다 고 말했다  장터는 최근  코로나  바이러스 확산에 따라 일상회복단계 방역수칙을 철저히 준수하며  월  일까지 주말마다 운영되지만  ,1
303,전문가들이 본  의 노동 노사균형 정책 보이지 않아 ,1,이날 토론회는 신종  코로나 바이러스 감염증 코로나  상황을 고려해 온라인으로도 생중계됐다  토론회에서는  노동시장 이슈와 새 정부 과제  새 정부 노동정책과 법 제도 개선 과제  포스트  코로나  시대 노동시장  ,1
304,황신영  목안에 개미  마리가 있다고   충격 코로나  확진 후 표정 보니,1,개그우먼 황신영이  코로나  증상을 전했다  황신영은  일 자신의 인스타그램 스토리를 통해  목 안이  지난  일 황신영은  저랑 아준이 둘만  코로나  걸렸어요  안방에서 단 둘이 격리합니다 라면서  코로나  확진  ,1
305,무심사  제 회 수륙용왕대재와 방생법회 봉행,0,방생대법회 이후 부에서는 코로나 로 지친 지역민들을 위해 무심사가 힐링 산사음악회 를 선보여 잠시나마 다채로운 선율 속 봄을 만끽 할 수 있습니다  낙동강 무심사 주지 무심스님은 영가를  ,1
306, 일 제약바이오 소식  보령제약 에스티팜 일동제약,0,에스티팜의 신종  코로나 바이러스 감염증 코로나  메신저리보핵산  백신 후보물질의 임상 상 시험계획 을 승인받았다  일동제약과 일동홀딩스가 정기주주총회를 개최했다고  일 밝혔다  이와 같은  ,1
307,한신대  머물고 싶은 대학 만들 것   학생행복라운지  개소,1,이어  차 연도에는  개 강의실 환경 개선사업과   강의실 첨단강의실을 구축하는 한편 토론 강의 강의  온 오프라인 수업이 동시에 가능한 강의실 환경을 조성해  코로나 로 인한 비대면 상황을 대처해 나갔다  지난해  ,1
308,폭등하던 안랩 돌연 폭락  총리 무산설 때문 ,1,현재 안 위원장은 신종  코로나 바이러스 감염증 코로나  비상대응 특위를 이끌고 각 분과의 업무보고를 받으면서 윤석열 정부의 국정과제 다듬기와 큰 틀을 그려나가는 데 주력하고 있다   모건은  일사이 안랩  ,1
309,에스티팜   코로나   백신 임상  상 시험계획 승인,1,  컨소시엄은 에스티팜이 식품의약품안전처로부터  코로나  메신저리보핵산 백신 후보물질   사진 한국제약바이오협회  특히  코로나  백신 접종율이 낮은 남아프리카공화국에서도 임상을 진행  임상  ,1
310,김상규  스포츠 마케팅으로 창원경제 활성화 ,0,김 후보는  코로나 로 침체한 창원시를 생활스포츠로 일으키는 것도 한 방법이라고 했다  특히 스포츠마케팅을 통한 지역경제효과는 상상을 초월한다  배드민턴 전용 연습장  전용 경기장 등을 준비함과 동시에 창원시  ,1
311,춘천  코로나  확진자  명  추가 발생,1,춘천에서  코로나  확진자  명이  일 추가 발생했다  이들은 가족이나 지인 등의 접촉자  유증상자 등이다  또 이들 중 고위험시설  곳에서 확진자  명이 포함됐다  시는 확진자들의 이동동선 등을 소독하고  ,1
312,안산시  봄소식 풍도 섬 전체가 야생화 군락지로 변신,0,올해는 특히  코로나 로 사람들의 발길이 뜸한 탓에 예년보다 더 많은 야생화를 볼 수 있다  풍도에서 야생화를 볼 때는 몇 가지 주의점이 있다  야생화 주변에 있는 낙엽은 추위로부터 야생화를 보호해주는 이불 역할을  ,1
313,이용섭 광주시장  제 기 빛고을청년봉사단 발대식 참석,0,이날 발대식은  코로나  상황을 감안해 현장과 비대면 화상회의를 병행해 진행됐으며  봉사단 선서  리얼빛청 토크쇼 등 순으로 진행됐다  빛고을청년봉사단은 선서를 통해 지역사회 발전과 행복한 광주 공동체 조성  ,1
314, 소라픽  올봄  꼭 가야하는 전시회 베스트 티몬 위메프 번가에서 만나는 ,1,신종  코로나 바이러스 감염증 코로나  확진자가 폭증하고 있지만  역설적으로 사람들은 점점 일상을 회복하고 있는 모습입니다  정부가 백신패스 해제  거리두기 완화  재택치료 등  코로나  관련 제재를 완화하고 있기  ,1
315,순천시  고용사각지대 종사자 재난지원금 지급,0,순천시 관계자는  코로나  장기화로 피해를 입은 고용 사각지대 근로자의 생계안정을 위해 지원한 만큼 그동안 소외되고 힘들었던 대상자들에게 마중물 역할이 되기를 바란다 며  소상공인 재난지원금에 이어 이번  ,1
316, ㄴㅅㅇㅋ 호텔업계 분석  앰배서더즈   년 연속 적자에도 배당실시   년만의 ,1, 코로나  여파에 호텔 관광 산업이 위축 되었지만  년이란 시간 동안 쇄신해 실적을 원상 복구시키고 나아가 도약의 기회를 이끌어내 전화위복이 될 수 있을지 지켜봐야 할 것이다 ,1
317,박형준 부산시장  부산발  혁신 파동 에 함께해 달라 ,0,박형준 부산시장은  국민운동단체 회원들과 시정 현안을 공유하고 현장의 목소리를 직접 들을 수 있어 뜻깊은 시간이었다 며  그동안 국민운동단체에서  코로나  방역 캠페인   부산세계박람회 유치 캠페인 등  ,1
318,해외진출 엔지니어링사    올해 거점 국가는 방글라데시  페루 ,1,또  코로나  재유행과 오미크론 등 변이 바이러스의 등장으로 올해도 다시 시장 안정과 경기 부양을 위한 투자 확대가 늘어날 것으로 보이며 세계 인프라 시장도 성장세를 이어나갈 전망이다  이런 흐름에 비해  ,1
319,웹젠  사회공헌사업  청소년 코딩공작소   웹젠  운영 시작,0,비대면 온라인 교육도 정기적으로 운영해  포스트  코로나 에 대비한다  그동안 비정기적으로 진행되던 화상회의 플랫폼  을 비롯해 온라인 화이트보드  구글 잼보드  메타버스 플랫폼  게더타운  등을 활용한  ,1
320,신한은행   국민이 선택한 좋은 광고상  대상 수상,1,신한은행 측은  코로나  등 힘든 시기를 비오는 날에 비유해 어려운 시기 은행이 고객 입장에서 생각하고 노력하겠다는 진정성을 광고에 담았다며  최근 금융권 디지털 혁신의 바람이 불고 있는 가운데 결국 본질은  ,1
321,박현식 박사  국민의당 후보로 원주시장 출마 선언,0,그리고  지금 세계는  코로나  팬더믹   차산업혁명 미국과 중국의 신냉전이라는 대 메가트랜드에 직면해 있으며 기후변화와 위기는 피해갈 수 없는 상황으로 선진국가로 가는 중대한 갈림길에 서 있어 절대빈곤이 없는  ,1
322,투썸플레이스   투썸하트  멤버십 가입자  만명 사용자 대상 이벤트 전개,0, 코로나    이후 비대면 트렌드와 맞물리면서  투썸하트 멤버십 혜택을 쉽고 간편하게 누릴 수 있는 모바일 애플리케이션 앱   투썸하트 앱  내 투썸오더 및 홀케이크 예약 이용 건수도 전년 동기간 대비 약   ,1
323,황신영   코로나  확진  목안이 간지러워 개미  마리 있는 느낌   ,1,개그우먼 황신영과 삼둥이 중 아준이가  코로나  확진 판정을 받은 가운데 자가 격리 중인 근황을 전했다  목안에 개미  마리 있는 느낌 이라며  코로나  증상을 전했다  이어  물도 계속 마시고 목에 좋은 건 다  ,1
324,박형준 시장  부산서 시작  혁신의 파동 에 함께해 달라 ,1,박형준 부산시장은  국민운동단체 회원들과 시정 현안을 공유하고 현장의 목소리를 직접 들을 수 있어 뜻깊은 시간이었다 며   그동안 국민운동단체에서  코로나  방역 캠페인   부산세계박람회 유치 캠페인 등  ,1
325,김서영   국가대표 선발   금융 코리아 스위밍 챔피언십 접영    위,0,경기를 마친 김서영은 매니지먼트사인 올댓스포츠를 통해  준비하는 동안 컨디션이 좋지 않았고  코로나 로 어려웠던 훈련 환경 때문에 좋은 기록을 바라기보단 할 수 있는 최선을 다하고자 했다  오늘 접영  ,1
326,농가주부모임 제주특별자치도연합회  행복나눔성금  만 원 기탁,0,고순희 회장은  코로나 로 인한 어려운 환경 속에서도 청소년들에게 조금이나마 도움이 되길 바라며 지속적으로 나눔을 실천해 나가겠다 고 말했다  한편 농가주부모임은 평소 환경보호캠페인  이웃사랑 캠페인 등  ,1
327,우크라이나 난민 돕기에 나선 체코 한인사회,1, 코로나  팬데믹으로 인해  년 만에 치러진 이날 총회에는 한인동포  명이 참석하는 등 역대 가장 많은 인원이 참석했다  한인회는 총회에서  우크라이나 난민 돕기 를 주요안건으로 채택하고 한인회비를 우크라이나 난민  ,1
328, 노컷한컷 용산 이전  박근혜 퇴원  박홍근 선출,1,박종민 기자 해외 입국자 자가격리 의무 면제  코로나  백신 접종 완료 해외 입국자에 대한 격리 면제 시행  황진환 기자  코로나  누적확진 천만명 돌파 국내  코로나  누적 확진자가  만 명을 넘어섰다   일 서울  ,1
329,변재웅 계명대 교수   차 산업혁명과 규제개혁  출간,1,특히 심각한 문제는  코로나  세대 인구의 급속한 감소로 펜데믹 세대가 성인이 되는  년에 한국경제가 인구절벽과 저성장의 경쟁력 저하에 직면하는냐  아니면  차산업혁명을 성공적으로 추진하여 초격차 혁신  ,1
330, 코로나  이후 세 번째 영화 관람료 인상  생존 위해 불가피하게 ,1, 코로나  팬데믹 이후 세 번째 인상이다   는 오늘 일 월  일부터 영화 관람료를 인상한다고   는  코로나  이후 영업시간 제한과 띄어앉기 등의 제약으로 관객이 급감했고  이로 인해 주요 기대작들이  ,1
331,화성시  사립작은도서관 운영자 간담회 개최,1,간담회는  코로나 로 어려운 상황에서도 운영자들의 노력으로 인해 화성시가  년 연속 작은도서관  서철모 화성시장은  코로나  상황에서도 마을공동체 문화 활성화를 위해 노력하신 사립작은도서관 운영자분들의  ,1
332, 카드뉴스  강원 동해시 주요 뉴스  월  일 ,0,동해시청 사격팀은  코로나 로 인해 그동안 대회출전이 어려워 실력을 발휘할 기회가 없었으나  이번 대회에서는  권총 이정은  김란아  정수현  곽나경 과  권총 김정은  김란아  곽나경  이정은  단체전에서  ,1
333,대촌농협  농촌인력중개센터 발대식 개최,1,특히 농촌인구 고령화와  코로나  장기화에 따른 외국인 근로자 공급 감소 등으로 인력난을 겪고 있는  전봉식 조합장은  올해도  코로나 의 영향으로 영농인력난이 가중될 것으로 예상되지만 적극적인 농촌인력중개를  ,1
334,웹젠   년 청소년코딩공작소 운영 돌입,0,비대면 온라인 교육도 정기적으로 운영해  포스트  코로나 에 대비한다  그동안 비정기적으로 진행되던 화상회의 플랫폼  을 비롯해 온라인 화이트보드  구글 잼보드  메타버스 플랫폼  게더타운  등을  ,1
335,유키스 수현 기부  소아환아 위해  만원 쾌척,0,수현은  예전부터 아이들을 좋아했는데 한창 신나게 뛰어놀 아이들이 질병으로 고통받고  경제적인 이유로 인해 어려움을 겪고 계시는 환아들의 가족들을 보면 마음이 아팠다 며  코로나 로 인해 모두가 어려운  ,1
336,호서대  제 대 총학생회 출범식 개최,0,호서대학교에 따르면 이날 출범식은 발열 검사  마스크 착용  손소독제 비치 등  코로나  방역수칙을  최재영 총학생회장 경영학부  년 은  코로나  시대에 막중한 사명을 맡겨주신 학우 여러분께 감사드리고  ,1
337,오미크론 확산에도 전국 학교  가 등교 수업 중,1,유 장관은  학교를 통한 지역사회 감염 걱정이 컸으나 전국  코로나  확진자 중 소아청소년이 차지하는 비율은  월 하순부터  월 현재까지   선을 유지하고 있다 며  월 한 달간의 학교운영 상황을 전반적으로 평가 진단해  ,1
338, 년만에 입은 웨딩드레스   대선주조  중증장애인 부부 합동결혼식  년째 후 ,1,관계자는  코로나 로 어려운 상황임에도 대선주조는 꾸준히 후원을 이어오며 지역 장애인의 복지와 권익향상에 큰 도움을 주고 있다 고 말했다  대선주조 조우현 대표는  봄바람에 살랑이는 꽃처럼 신랑  신부분의  ,1
339,남원읍 무인민원발급기 추가 설치로 민원 불편 해소 마련,1,지역주민들에게 시간절약 및 편리한 민원 발급 등 질 높은 서비스를 제공할 수 있을 것이다   코로나 에 따른 비대면 서비스와 시민들에게 다양한 행정수요에 대한 서비스 제공을 확대해 나갈 계획이다 시민기자뉴스 ,1
340,광주여성시민단체들  윤석열 당선인  여성가족부 폐지 공약 철회하라 ,0,이들은 우선 이번  대 대통령선거는  코로나 로 가시화된 불평등 심화  여성 성차별 성폭력의 현실 등   코로나  팬데믹과 기후위기는 구조적 불평등을 더욱 심화시켰다 고 지적했다  이들은 또  여성의 고용률이  ,1
341,  제 차   혁신위원회  개최,0, 코로나 로 인한 생계곤란가구  가정폭력피해자 등 주거취약계층에게는 지방자치단체   등과 협업해  천호  또  코로나  시대에 맞춰 고객이 알고 싶어하는 정보의 제공을 확대하기 위해 공공택지 종합정보 온라인  ,1
342,서울시의회  제 회 임시회  월  일까지 개회,1,또 김 의장은  이번 임시회가 전국 지방선거 전 마지막 회기라는 점을 되새기며  새로운 도전의 뜻을 밝힌 선배 동료 의원들에게는 응원의 박수를   코로나 라는 예상치 못한 위기에 맞서 시민 안전을 위해 함께 애쓴  ,1
343,제주시농협 부녀회장연합회  밸런스 운동 교실 운영,0,고봉주 조합장은  계속되는  코로나  여파로 침체된 일상에 이번 교육이 건강을 위한 발걸음이 되기를 바란다 며   앞으로도 제주시농협은 여성 조직과 더불어 조합원들의 건강과 삶의 질 향상을 위해 다양한 프로그램을  ,1
344,국립세종수목원  반려식물의 대중화를 위한 난초살롱 기획전 개최,0,포토존과 오늘날 테라리움의 전신인 워디언 케이스 등 다양한 볼거리를 제공한다  박원순 전시기획운영실장은  코로나 로 인한 국민적 피로감이 반려식물  특히 아름다운 난초를 통해 해소될 수 있기를 바란다 고 전했다 ,1
345,포항해양과학고총동창회  제 차 전복치패방류행사 개최,0,박성환 총동창회장은  코로나 로 수산인이 힘든 시기에 이번 전복종패가 수산자원회복 및 생태계 회복 차원에서 도움이 돼 차후 전복이 건강한 먹거리로 주목받아 국민들의 소비증진과 어업인 소득증대에도 큰 기여를  ,1
346,서울시  장애인 디지털 격차해소 명에 무료 정보화교육,0,한편  코로나  발발 이후 집합제한명령 등으로 인해 교육이 중단되는 경우가 있음에 따라 향후 온라인교육과정 강화 등 중단없는 교육이 이루어질 수 있는 방안을 모색할 계획이라고 전했다  이를 위해  코로나  확산 등  ,1
347,보건환경연구원  생태 학습프로그램 운영,0,단   코로나  관련 방역지침에 따라 참여 인원수 및 일정은 협의해 조정될 수 있다  김정남 보건환경연구원 동물위생시험소장은  도심권에서 볼 수 있는 다양한 야생동물을 알아보고 사람과 동물이 건강하게 공존할 수  ,1
348, 사 한국미래환경협회   주 케이피트레이딩 송파구노인종합복지관에 마스크 ,1,기증받은 마스크  만장은  코로나 로 인해 필요한 지역사회에 활용할 수 있도록  송파구사회복지협의회  개  또한  코로나  신종 바이러스인 오미크론의  이상 미립자에 세균여과 효율을 나타내고 등급의  ,1
349,뉴라이브  정신건강 예방기기  힐라온   인증 획득,0,뉴라이브 관계자는  힐라온 이  코로나 로 정신 건강에 대한 중요성이 부각되는 상황에서 스트레스  불면 등 정신 건강 문제를 해결하는 역할을 할 것 이라고 말했다  한편 뉴라이브는 고대구로병원 이비인후과 송재준  ,1
350,서울시의회  제 회 임시회 개최 추경 및 의안 심사,0,김 의장은 이번 임시회가 전국 지방선거 전 마지막 회기라는 점을 되새기며  새로운 도전의 뜻을 밝힌 선배 동료 의원들에게는 응원의 박수를   코로나 라는 예상치 못한 위기에 맞서 시민 안전을 위해 함께 애쓴  ,1
351,교육부  인수위에  교육 유보통합 돌봄강화  보고,1,인수위는 고교학점제에 대해선  학교  코로나  대응  교육격차 해소  고교학점제 등 교육현안에 대해서는 충분한 현장의 의견수렴과 함께 그 대책을 논의하기로 했다 고 덧붙였다 ,1
352,에잇레인보우  제 기  기보벤처캠프  참여기업으로 선정,1,지속 성장을 견인할 수 있는 지원을 받을 예정이다  김광수 에잇레인보우 대표는  새롭게 출시할 서비스가  코로나  장기화 상황에서 우울증 완화와 노령층 건강 관리에 도움이 되길 바란다 고 말했다 ,1
353,일동제약  먹는  코로나  치료제 상용화 추진 ,0,뉴스토마토   동지훈 기자   일동제약이  일 서울 본사에서 정기 주주총회를 열고 현재 임상시험 중인 먹는  코로나  치료제 상용화에 집중하겠다고 밝혔다   사진 일동제약  일동제약 이 올해 먹는  코로나  ,1
354,박애의료재단 김병근 병원장 산불 이재민위해  억원 기부,0,평소 선행과 봉사하기를 좋아했던 김병근 원장은  코로나 로 힘들어하는 평택 지역 소상공인들을 위한  그러면서  그동안  코로나  환자를 돌보며 가족과 함께 할 시간과 자신의 건강까지 반납하면서 오로지 한  ,1
355, 속보  경기남부경찰청  부평구시에서 목격된 이안나 씨 찾습니다 ,0,국내  코로나  신규 확진  만 명 경기남부경찰청이 실종자를 찾는다   일 경찰청은 안전 안내 문자를 통해  부평구시에서 목격된 이안나씨 여   세 를 찾습니다     주황점퍼  노랑머리  빨강신  ,1
356, 미래가치 향상과 지속성장 기반 구축 위해 역량 집중 ,1, 사진 일동제약  윤 대표는  올해 역시 지속적인 투자를 통해 미래가치 향상과 지속 가능 경영의 기반 구축은 물론  영업 마케팅  품질혁신에도 소홀함이 없도록 할 것 이라며  코로나  치료제 임상 및 상용화 추진뿐  ,1
357,적수 없는 마크롱  재선뒤 진짜 위기 온다,0, 코로나  대응에서도 비교적 후한 평가를 받았다  영국 경제주간지 이코노미스트는  근로자와 기업은  높고  코로나  확산세도 최근 정점에 이른 것으로 보인다 고 했다  진짜 위기는 당선 후  마크롱은 이번  ,1
358, 한번에  개만 팔아 불편했는데  자가검사키트 구매제한 없앤다,0, 코로나  자가검사키트 한 번에  개 넘게 살 수 있습니다  식품의약품안전처 식약처 는  코로나  자가검사키트 유통개선조치를 일부 변경하고 시행 기간을 오는  월  일까지 연장한다고  일 밝혔다  식약처는  ,1
359,괴산군 소수면  지역사회보장협의체 정기회의 개최,1,박설규 공공위원장은  항상 어려운 이웃들에게 관심을 갖고  이웃사랑을 몸소 실천하시는 소수면 지역사회보장협의체 위원님들께 감사드리며   코로나  시대에도 끊임없는 나눔을 통해 더욱 희망찬 지역사회가 되었으면  ,1
360,   년 조기 흑자 전환 목표  책임경영계약 ,0,특히 올해 책임경영계약은  코로나 로 인한 적자에서 벗어나 흑자경영으로 전환하고 절대 안전을 확보해 국민이 편안하게 철도를 이용하는 데 중점을 뒀다  이종국   대표이사는 임직원들에게  경영진들은  ,1
361,대전창의인성센터   학년도 찾아오는 창의나래 교실 운영,1,또한  코로나  감염병 예방 및 확산 방지를 위해 수업 전 후 철저한 교구 소독  수업 중 방역수칙 준수 등을 통해 안전하고 건강한 체험활동이 이루어지도록 할 예정이다  대전교육과학연구원 고덕희 원장은  찾아오는  ,1
362,청주 용성초 온라인 학교교육설명회로 교육가족과 소통 나눔 ,1,이번 학교교육설명회는  코로나  장기화로 단절된 용성 교육가족과의 소통과 나눔을 실천하고  온라인 학교교육설명회에 참여한 윤  학부모는  코로나  인해 걱정하고궁금했던 내용들을  질의 응답  하는  ,1
363,대전 사회 혁신 센터  코로나  블루 극복 프로젝트 진행,0,대전시 사회 혁신 센터 이하 대전 사회 혁신 센터 가  코로나   로 단절되고  고립된 관계와 시민의 일상 회복을 위해  코로나  블루 극복 프로젝트를 추진한다  스트레스와 정서 돌봄을 위한 일상 상담과  코로나  블루를 함께  ,1
364,대전교육청  어린이활동공간 자체 지도 점검 실시,0,특히  이번 지도 점검은 전문성을 높이기 위해 민간전문가 대한산업안전협회 와 담당공무원이 함께  코로나  대전광역시교육청 고영규 시설과장은 코로나  상황의 교육환경에 적극적으로 대응하고  어린이가  ,1
365,김병수 수석부위원장  김포시장 출마 예비후보 등록,0,그는 특히 윤석열 후보 정책본부  코로나 회복특위에서 정책수석부본부장을 맡아 윤 후보가  백신패스 폐지 를  대 대선공약으로 채택하는 데 역할을 했다  앞서 김 예비후보는 지난  일 국민의힘 김포시장 후보자  ,1
366,당진 현대제철 인근 주민들   조속한 안정화 성원  눈길,1,더불어  코로나  대유행까지 다소 침체된 임직원들을 응원하기 위해 마련했다 며   당진시 대표 철강기업으로써  조속한 안정화를 기원한다 라고 덧붙였다  또  회사 인근에서 식당을 운영하는   씨는  코로나  확진자 다량  ,1
367,아일리원 나인아이 블랭키  세대 아이돌  우리도 있다 ,1,당초  월 중순 데뷔 예정이었으나   코로나  확진 여파로 데뷔를 한차례 연기했다  아일리원은    걸스플래닛  출신 아라  리리카  하나  로나와 새로 합류한 나유와 엘바까지 총  명의 다국적 멤버로 구성됐다  ,1
368,장성군  신속한 소상공인 점포임대료 신속 지급,1,장성군 관계자는  당초  월에 지급 예정이었으나  코로나  장기화로 어려움을 겪고 있는 소상공인들의 생활 안정을 위해 지급 시기를 앞당겼다 면서  힘든 시기를 보내고 있는 소상공인에게 조금이나마 도움이 되길  ,1
369, 인사이드  금호석화 주주  미래에 배팅했다,1, 년부터 이듬해인  년까지 금호리조트는  년 연속 적자를 기록하며  코로나  팬데믹에 시달렸으나 지난해  월 금호석유화학그룹에 계열 편입된 후 그 해 연간 매출액은  억원대로  인수되기 전인  년 대비  가  ,1
370,수협  보스턴국제수산박람회서  만달러 수산식품 수출 상담 지원,0,소통창구였지만   코로나 로 인해 닫혔던 수출 대면 상담이  년만에 재개된 것이다  수협은 국내 수산식품 수출업체들의 국제수산박람회 참가를 지원해왔으며   코로나  기간에는 온라인 중심으로 운영했으나 이번에는  ,1
371,목포시와 목포복지재단이 함께하는   사랑의 교복 물려주기 ,1,목포시와 목포시복지재단이 함께 교복나눠주기 행사를 하는 모습 목포시는  코로나  확진자 증가에 따라  목포시 관계자는  코로나  확진자가 급증한 상황에서도 기꺼이 교복 물려주기에 참여한 자원봉사자와 학교에  ,1
372,씨티그룹  미국 경제성장률   하향 조정   월에는   금리 인상 ,0,이어  물류 부동산 임대시장 측면에서도 임대 수요가 신규 공급을 흡수하는 우호적 임대 수급이 이어지고 있다 며  특히  코로나  팬데믹 이후 온라인 거래 성장이 가속화함에 따라 추가적인 유럽 물류시장  ,1
373,   코로나 로 더 심해진 양극화 사회 안전망 강화만이 해법,0,그리고  코로나 까지  특히 인류 생존을 위협하는 감염병의 세계적 유행은 우리 사회가 품고 있던 균열을 가시화하며 기존 세계를 유지해온 구성원 간 합의가 더 이상 유효하지 않다는 점을 명백히 드러냈다   코로나 는  ,1
374, 아이러브 영주  사과   전국  개 홈플러스 첫 출하,1,류승엽 영주시연합사업단장 시농협지부장 은  코로나 로 소비 저하가 지속되는 가운데 이번  아이러브 영주  사과의 전국  개 홈플러스 매장 입점은 영주 통합 브랜드의 새로운 도약의 출발점이 될 것 이라고 말했다  ,1
375,수현 기부  소아 환자들 위해  천만원 전달,0,수현은  예전부터 아이들을 좋아했는데 한창 신나게 뛰어놀 아이들이 질병으로 고통받고  경제적인 이유로 인해 어려움을 겪고 계시는 환아들의 가족들을 보면 마음이 아팠다 며  코로나 로 인해 모두가 어려운 시기  ,1
376,봄에 가볼만한 수도권 관광명소 야생화 섬 안산  풍도 ,1,올해는 특히  코로나 로 사람들의 발길이 뜸한 탓에 예년보다 더 많은 야생화를 볼 수 있다   일 실태점검을 위해 풍도를 찾은 윤화섭 시장은  오직 풍도에서만 볼 수 있는 풍도바람꽃과 풍도대극을 비롯해 봄기운을  ,1
377, 회동 늦어지는  당선인  내주 대구 달성  부터 찾나 종합 ,0,김 대변인은 취재진의  윤 당선인의 협치에 대한 노력 을 묻는 질문에  코로나  확진자가 누적 천만 명을 넘어섰고 경제위기에 대응하는 과정에서 풀 수 있는 방법 중 하나가 저는 협치라고 생각한다 고 했다  이어  사실  ,1
378, 주총  김재옥 동원 대표  미래 먹거리 발굴과 품질 경영 확립할 것 ,1,이어  코로나  이후 브랜드의 신뢰도가 높고 가 높은 제품을 구매하는 경향이 심화됐다 면서  고객이 원하는 새로운 브랜드 가치를 창출하겠다 고 덧붙였다  그는  앞으로도 전사 차원의 품질 경영에 집중해 기업  ,1
